,frame, face_id, timestamp, confidence, success, gaze_0_x, gaze_0_y, gaze_0_z, gaze_1_x, gaze_1_y, gaze_1_z, gaze_angle_x, gaze_angle_y, eye_lmk_x_0, eye_lmk_x_1, eye_lmk_x_2, eye_lmk_x_3, eye_lmk_x_4, eye_lmk_x_5, eye_lmk_x_6, eye_lmk_x_7, eye_lmk_x_8, eye_lmk_x_9, eye_lmk_x_10, eye_lmk_x_11, eye_lmk_x_12, eye_lmk_x_13, eye_lmk_x_14, eye_lmk_x_15, eye_lmk_x_16, eye_lmk_x_17, eye_lmk_x_18, eye_lmk_x_19, eye_lmk_x_20, eye_lmk_x_21, eye_lmk_x_22, eye_lmk_x_23, eye_lmk_x_24, eye_lmk_x_25, eye_lmk_x_26, eye_lmk_x_27, eye_lmk_x_28, eye_lmk_x_29, eye_lmk_x_30, eye_lmk_x_31, eye_lmk_x_32, eye_lmk_x_33, eye_lmk_x_34, eye_lmk_x_35, eye_lmk_x_36, eye_lmk_x_37, eye_lmk_x_38, eye_lmk_x_39, eye_lmk_x_40, eye_lmk_x_41, eye_lmk_x_42, eye_lmk_x_43, eye_lmk_x_44, eye_lmk_x_45, eye_lmk_x_46, eye_lmk_x_47, eye_lmk_x_48, eye_lmk_x_49, eye_lmk_x_50, eye_lmk_x_51, eye_lmk_x_52, eye_lmk_x_53, eye_lmk_x_54, eye_lmk_x_55, eye_lmk_y_0, eye_lmk_y_1, eye_lmk_y_2, eye_lmk_y_3, eye_lmk_y_4, eye_lmk_y_5, eye_lmk_y_6, eye_lmk_y_7, eye_lmk_y_8, eye_lmk_y_9, eye_lmk_y_10, eye_lmk_y_11, eye_lmk_y_12, eye_lmk_y_13, eye_lmk_y_14, eye_lmk_y_15, eye_lmk_y_16, eye_lmk_y_17, eye_lmk_y_18, eye_lmk_y_19, eye_lmk_y_20, eye_lmk_y_21, eye_lmk_y_22, eye_lmk_y_23, eye_lmk_y_24, eye_lmk_y_25, eye_lmk_y_26, eye_lmk_y_27, eye_lmk_y_28, eye_lmk_y_29, eye_lmk_y_30, eye_lmk_y_31, eye_lmk_y_32, eye_lmk_y_33, eye_lmk_y_34, eye_lmk_y_35, eye_lmk_y_36, eye_lmk_y_37, eye_lmk_y_38, eye_lmk_y_39, eye_lmk_y_40, eye_lmk_y_41, eye_lmk_y_42, eye_lmk_y_43, eye_lmk_y_44, eye_lmk_y_45, eye_lmk_y_46, eye_lmk_y_47, eye_lmk_y_48, eye_lmk_y_49, eye_lmk_y_50, eye_lmk_y_51, eye_lmk_y_52, eye_lmk_y_53, eye_lmk_y_54, eye_lmk_y_55, eye_lmk_X_0, eye_lmk_X_1, eye_lmk_X_2, eye_lmk_X_3, eye_lmk_X_4, eye_lmk_X_5, eye_lmk_X_6, eye_lmk_X_7, eye_lmk_X_8, eye_lmk_X_9, eye_lmk_X_10, eye_lmk_X_11, eye_lmk_X_12, eye_lmk_X_13, eye_lmk_X_14, eye_lmk_X_15, eye_lmk_X_16, eye_lmk_X_17, eye_lmk_X_18, eye_lmk_X_19, eye_lmk_X_20, eye_lmk_X_21, eye_lmk_X_22, eye_lmk_X_23, eye_lmk_X_24, eye_lmk_X_25, eye_lmk_X_26, eye_lmk_X_27, eye_lmk_X_28, eye_lmk_X_29, eye_lmk_X_30, eye_lmk_X_31, eye_lmk_X_32, eye_lmk_X_33, eye_lmk_X_34, eye_lmk_X_35, eye_lmk_X_36, eye_lmk_X_37, eye_lmk_X_38, eye_lmk_X_39, eye_lmk_X_40, eye_lmk_X_41, eye_lmk_X_42, eye_lmk_X_43, eye_lmk_X_44, eye_lmk_X_45, eye_lmk_X_46, eye_lmk_X_47, eye_lmk_X_48, eye_lmk_X_49, eye_lmk_X_50, eye_lmk_X_51, eye_lmk_X_52, eye_lmk_X_53, eye_lmk_X_54, eye_lmk_X_55, eye_lmk_Y_0, eye_lmk_Y_1, eye_lmk_Y_2, eye_lmk_Y_3, eye_lmk_Y_4, eye_lmk_Y_5, eye_lmk_Y_6, eye_lmk_Y_7, eye_lmk_Y_8, eye_lmk_Y_9, eye_lmk_Y_10, eye_lmk_Y_11, eye_lmk_Y_12, eye_lmk_Y_13, eye_lmk_Y_14, eye_lmk_Y_15, eye_lmk_Y_16, eye_lmk_Y_17, eye_lmk_Y_18, eye_lmk_Y_19, eye_lmk_Y_20, eye_lmk_Y_21, eye_lmk_Y_22, eye_lmk_Y_23, eye_lmk_Y_24, eye_lmk_Y_25, eye_lmk_Y_26, eye_lmk_Y_27, eye_lmk_Y_28, eye_lmk_Y_29, eye_lmk_Y_30, eye_lmk_Y_31, eye_lmk_Y_32, eye_lmk_Y_33, eye_lmk_Y_34, eye_lmk_Y_35, eye_lmk_Y_36, eye_lmk_Y_37, eye_lmk_Y_38, eye_lmk_Y_39, eye_lmk_Y_40, eye_lmk_Y_41, eye_lmk_Y_42, eye_lmk_Y_43, eye_lmk_Y_44, eye_lmk_Y_45, eye_lmk_Y_46, eye_lmk_Y_47, eye_lmk_Y_48, eye_lmk_Y_49, eye_lmk_Y_50, eye_lmk_Y_51, eye_lmk_Y_52, eye_lmk_Y_53, eye_lmk_Y_54, eye_lmk_Y_55, eye_lmk_Z_0, eye_lmk_Z_1, eye_lmk_Z_2, eye_lmk_Z_3, eye_lmk_Z_4, eye_lmk_Z_5, eye_lmk_Z_6, eye_lmk_Z_7, eye_lmk_Z_8, eye_lmk_Z_9, eye_lmk_Z_10, eye_lmk_Z_11, eye_lmk_Z_12, eye_lmk_Z_13, eye_lmk_Z_14, eye_lmk_Z_15, eye_lmk_Z_16, eye_lmk_Z_17, eye_lmk_Z_18, eye_lmk_Z_19, eye_lmk_Z_20, eye_lmk_Z_21, eye_lmk_Z_22, eye_lmk_Z_23, eye_lmk_Z_24, eye_lmk_Z_25, eye_lmk_Z_26, eye_lmk_Z_27, eye_lmk_Z_28, eye_lmk_Z_29, eye_lmk_Z_30, eye_lmk_Z_31, eye_lmk_Z_32, eye_lmk_Z_33, eye_lmk_Z_34, eye_lmk_Z_35, eye_lmk_Z_36, eye_lmk_Z_37, eye_lmk_Z_38, eye_lmk_Z_39, eye_lmk_Z_40, eye_lmk_Z_41, eye_lmk_Z_42, eye_lmk_Z_43, eye_lmk_Z_44, eye_lmk_Z_45, eye_lmk_Z_46, eye_lmk_Z_47, eye_lmk_Z_48, eye_lmk_Z_49, eye_lmk_Z_50, eye_lmk_Z_51, eye_lmk_Z_52, eye_lmk_Z_53, eye_lmk_Z_54, eye_lmk_Z_55,label
0,1,0,0.0,0.98,1,0.026282,0.341189,-0.939627,-0.06055,0.363589,-0.929589,-0.018,0.361,554.5,557.3,564.6,572.1,575.5,573.3,565.4,557.8,546.7,550.7,556.5,564.0,572.1,579.0,584.3,579.0,571.7,564.1,556.9,551.0,561.8,565.5,569.1,570.5,568.8,565.1,561.6,560.2,644.4,646.4,653.7,661.9,666.2,664.2,656.9,648.2,637.6,642.0,648.2,656.2,664.0,670.5,675.4,671.6,665.9,658.9,651.0,643.5,651.9,655.9,659.4,660.3,658.3,654.3,650.8,649.9,264.1,256.2,252.6,255.3,262.7,271.1,274.2,271.5,267.0,263.1,260.2,258.6,259.5,262.1,265.9,268.6,269.6,270.4,270.4,269.4,267.6,268.9,267.1,263.3,259.6,258.3,260.1,263.9,257.9,250.2,246.5,248.9,256.1,263.8,267.5,265.9,262.7,257.6,253.7,251.5,252.1,254.6,258.6,260.8,262.0,262.9,263.5,264.0,261.5,262.7,260.9,257.2,253.7,252.6,254.4,258.1,-48.2,-46.6,-42.4,-38.1,-36.2,-37.4,-41.9,-46.2,-53.1,-50.5,-47.0,-42.6,-38.0,-34.2,-31.3,-34.2,-38.2,-42.5,-46.7,-50.3,-44.0,-41.9,-39.9,-39.1,-40.0,-42.2,-44.2,-45.0,2.4,3.5,7.5,12.1,14.4,13.2,9.2,4.5,-1.3,1.1,4.5,8.9,13.2,16.8,19.7,17.4,14.2,10.3,6.0,1.9,6.6,8.7,10.6,11.2,10.1,7.9,6.0,5.4,-54.0,-58.5,-60.4,-58.8,-54.5,-49.8,-48.1,-49.8,-53.0,-54.8,-56.1,-56.8,-56.3,-54.9,-52.9,-51.3,-50.6,-50.2,-50.3,-51.2,-52.0,-51.2,-52.2,-54.4,-56.5,-57.3,-56.3,-54.1,-55.9,-60.4,-62.6,-61.3,-57.2,-52.7,-50.6,-51.5,-53.4,-56.1,-58.2,-59.5,-59.3,-58.2,-56.3,-54.7,-53.7,-53.0,-52.7,-52.5,-54.0,-53.4,-54.5,-56.6,-58.6,-59.2,-58.1,-56.0,492.9,493.1,492.4,491.3,490.4,490.4,490.9,492.0,498.0,495.0,492.1,490.3,490.0,490.8,492.0,490.6,489.7,490.0,491.7,494.6,492.6,492.1,491.8,491.9,492.3,492.9,493.2,493.1,479.4,481.2,482.6,482.7,481.5,479.6,478.3,478.3,480.0,479.4,479.1,479.5,481.1,483.6,486.0,482.6,479.6,477.7,477.4,478.4,480.1,480.2,480.8,481.7,482.3,482.2,481.6,480.7,Truthful
1,2,0,0.042,0.98,1,0.040519,0.357135,-0.933174,-0.042144,0.375579,-0.925832,-0.001,0.375,553.7,556.6,564.0,571.6,574.9,572.7,564.6,557.0,545.8,549.8,555.6,563.0,571.2,578.1,583.6,578.2,570.9,563.1,555.9,550.0,561.0,564.8,568.4,569.8,568.2,564.5,560.8,559.4,643.6,645.6,652.7,660.9,665.3,663.3,656.2,647.5,636.4,640.9,647.1,655.1,663.0,669.4,674.4,670.5,664.8,657.7,649.9,642.3,651.2,655.1,658.5,659.5,657.4,653.4,650.0,649.0,264.3,256.4,252.8,255.5,263.1,271.6,274.6,271.9,267.4,263.5,260.6,259.0,259.7,262.3,266.0,268.6,269.7,270.5,270.6,269.7,268.0,269.3,267.5,263.6,259.9,258.6,260.4,264.3,257.7,250.0,246.2,248.6,255.7,263.4,267.2,265.6,262.4,257.3,253.4,251.2,251.8,254.3,258.3,260.5,261.7,262.5,263.1,263.7,261.2,262.4,260.5,256.8,253.4,252.3,254.1,257.8,-48.3,-46.7,-42.5,-38.1,-36.2,-37.5,-42.0,-46.3,-53.2,-50.7,-47.1,-42.8,-38.3,-34.5,-31.5,-34.4,-38.4,-42.7,-46.9,-50.5,-44.1,-42.0,-39.9,-39.2,-40.1,-42.2,-44.3,-45.1,2.0,3.1,7.0,11.6,14.0,12.8,8.9,4.1,-2.0,0.5,3.9,8.3,12.6,16.3,19.1,16.9,13.6,9.7,5.4,1.3,6.1,8.3,10.2,10.8,9.6,7.4,5.5,5.0,-53.5,-58.0,-59.9,-58.3,-53.9,-49.2,-47.5,-49.2,-52.3,-54.2,-55.5,-56.2,-55.8,-54.4,-52.4,-50.8,-50.1,-49.7,-49.9,-50.7,-51.4,-50.6,-51.6,-53.8,-55.9,-56.7,-55.8,-53.6,-56.1,-60.6,-62.9,-61.6,-57.5,-53.1,-50.9,-51.7,-53.7,-56.4,-58.5,-59.8,-59.6,-58.5,-56.6,-55.0,-54.0,-53.3,-53.0,-52.8,-54.3,-53.7,-54.8,-56.9,-58.9,-59.5,-58.4,-56.3,489.4,489.7,489.0,487.8,486.8,486.7,487.2,488.4,494.4,491.4,488.6,486.8,486.4,487.1,488.2,486.9,486.0,486.3,488.1,491.1,489.1,488.5,488.2,488.3,488.8,489.4,489.7,489.6,480.4,482.2,483.6,483.8,482.6,480.7,479.3,479.3,481.1,480.5,480.2,480.6,482.1,484.6,487.0,483.5,480.6,478.7,478.4,479.5,481.2,481.2,481.9,482.8,483.4,483.3,482.6,481.7,Truthful
2,3,0,0.083,0.98,1,0.050402,0.363099,-0.930386,-0.049714,0.38619,-0.921078,0.0,0.385,553.4,556.2,563.7,571.2,574.5,572.3,564.2,556.7,545.4,549.4,555.1,562.5,570.7,577.6,583.2,577.8,570.4,562.6,555.5,549.6,560.7,564.4,568.1,569.5,567.9,564.1,560.5,559.1,642.9,644.9,652.1,660.3,664.8,662.8,655.6,646.9,635.9,640.3,646.6,654.6,662.5,669.0,674.0,670.2,664.5,657.4,649.5,641.9,650.5,654.5,657.9,658.9,656.7,652.8,649.3,648.4,264.4,256.5,252.9,255.6,263.1,271.6,274.7,271.9,267.5,263.7,260.7,259.0,259.7,262.1,265.6,268.4,269.6,270.6,270.7,269.9,268.0,269.4,267.6,263.7,260.0,258.7,260.5,264.3,257.6,249.8,246.0,248.3,255.5,263.2,267.1,265.5,262.2,257.2,253.2,250.9,251.5,253.9,257.9,260.1,261.3,262.2,262.9,263.5,261.1,262.2,260.3,256.6,253.2,252.1,253.9,257.6,-48.4,-46.9,-42.7,-38.3,-36.4,-37.6,-42.2,-46.5,-53.4,-50.9,-47.4,-43.1,-38.5,-34.7,-31.7,-34.6,-38.6,-43.0,-47.1,-50.7,-44.3,-42.2,-40.1,-39.3,-40.3,-42.4,-44.5,-45.2,1.6,2.7,6.6,11.2,13.6,12.4,8.5,3.7,-2.2,0.2,3.6,8.0,12.3,16.0,18.8,16.6,13.4,9.5,5.2,1.0,5.8,7.9,9.8,10.3,9.2,7.0,5.1,4.6,-53.4,-57.9,-59.9,-58.2,-53.9,-49.1,-47.5,-49.1,-52.2,-54.1,-55.4,-56.1,-55.7,-54.5,-52.6,-50.9,-50.2,-49.7,-49.8,-50.6,-51.4,-50.6,-51.5,-53.7,-55.8,-56.6,-55.7,-53.5,-55.8,-60.3,-62.6,-61.3,-57.3,-52.8,-50.6,-51.4,-53.4,-56.1,-58.2,-59.5,-59.4,-58.4,-56.5,-54.9,-53.8,-53.1,-52.7,-52.5,-54.0,-53.4,-54.5,-56.7,-58.6,-59.2,-58.1,-56.0,489.2,489.5,488.8,487.6,486.6,486.5,487.0,488.2,494.3,491.3,488.4,486.6,486.2,486.8,487.9,486.5,485.6,486.0,487.9,490.9,488.8,488.3,487.9,488.1,488.6,489.2,489.5,489.4,477.1,478.9,480.3,480.4,479.3,477.5,476.1,476.1,477.8,477.2,476.8,477.3,478.9,481.4,483.9,480.4,477.4,475.5,475.2,476.2,477.9,478.0,478.6,479.5,480.0,480.0,479.3,478.4,Truthful
3,4,0,0.125,0.98,1,0.05171,0.36668,-0.928909,-0.040113,0.399208,-0.915982,0.006,0.393,553.3,556.2,563.6,571.1,574.4,572.2,564.2,556.6,545.4,549.3,555.1,562.5,570.6,577.6,583.1,577.7,570.4,562.7,555.5,549.6,560.7,564.4,568.0,569.4,567.7,564.1,560.5,559.1,643.3,645.3,652.4,660.5,664.8,662.8,655.7,647.1,636.3,640.7,646.9,654.9,662.7,669.1,673.9,670.1,664.5,657.5,649.7,642.2,650.7,654.7,658.1,659.1,657.0,653.1,649.6,648.6,264.4,256.5,252.9,255.6,263.1,271.5,274.6,271.9,267.6,263.7,260.7,259.0,259.7,262.2,265.9,268.6,269.7,270.6,270.7,269.9,268.0,269.3,267.5,263.7,260.0,258.7,260.5,264.3,257.4,249.6,245.7,248.1,255.3,263.1,266.9,265.3,261.8,256.8,252.9,250.7,251.3,253.6,257.5,259.9,261.3,262.2,262.8,263.2,260.9,262.0,260.1,256.3,252.9,251.7,253.6,257.4,-48.6,-47.0,-42.9,-38.5,-36.6,-37.8,-42.3,-46.7,-53.6,-51.1,-47.6,-43.3,-38.7,-34.9,-31.9,-34.8,-38.8,-43.1,-47.3,-50.9,-44.5,-42.4,-40.3,-39.6,-40.5,-42.6,-44.6,-45.4,1.8,2.9,6.9,11.4,13.8,12.6,8.7,3.9,-2.0,0.4,3.8,8.2,12.6,16.2,19.0,16.8,13.5,9.6,5.3,1.2,5.9,8.1,10.1,10.6,9.4,7.3,5.3,4.8,-53.6,-58.1,-60.0,-58.4,-54.1,-49.4,-47.7,-49.3,-52.4,-54.3,-55.6,-56.4,-56.0,-54.6,-52.7,-51.0,-50.3,-49.9,-50.0,-50.7,-51.6,-50.8,-51.8,-53.9,-56.0,-56.8,-55.9,-53.7,-56.7,-61.2,-63.5,-62.2,-58.1,-53.6,-51.4,-52.3,-54.4,-57.1,-59.1,-60.4,-60.3,-59.3,-57.5,-55.7,-54.6,-53.9,-53.5,-53.4,-54.9,-54.3,-55.4,-57.6,-59.6,-60.2,-59.1,-56.9,490.9,491.2,490.6,489.4,488.4,488.3,488.7,489.9,496.1,493.0,490.2,488.3,488.0,488.7,489.8,488.4,487.5,487.8,489.7,492.6,490.6,490.0,489.7,489.9,490.4,490.9,491.2,491.1,483.7,485.3,486.5,486.8,485.8,484.2,483.0,482.9,484.5,483.7,483.3,483.7,485.3,487.8,490.5,487.0,484.1,482.2,481.9,482.9,484.6,484.7,485.3,486.1,486.5,486.4,485.8,485.0,Truthful
4,5,0,0.167,0.98,1,0.056153,0.375519,-0.925112,-0.035343,0.405028,-0.913621,0.011,0.401,553.5,556.3,563.8,571.4,574.9,572.7,564.6,556.9,545.3,549.5,555.5,562.9,570.9,577.8,583.3,578.1,570.8,563.1,555.8,549.7,560.9,564.7,568.3,569.7,568.0,564.3,560.6,559.2,643.6,645.6,652.8,660.9,665.2,663.2,656.0,647.4,636.5,641.0,647.2,655.2,662.9,669.3,674.2,670.4,664.7,657.7,649.9,642.4,651.0,655.0,658.4,659.4,657.3,653.4,649.9,648.9,264.7,256.9,253.2,255.7,263.1,271.6,274.7,272.1,267.9,263.9,260.7,259.0,259.8,262.3,266.1,268.7,269.7,270.5,270.7,270.1,268.3,269.6,267.7,263.9,260.3,259.0,260.8,264.7,257.2,249.3,245.5,247.9,255.2,263.0,266.8,265.1,261.6,256.6,252.8,250.6,251.1,253.5,257.3,259.8,261.2,262.2,262.8,263.1,260.7,261.9,260.0,256.2,252.7,251.5,253.4,257.2,-48.6,-47.0,-42.8,-38.4,-36.4,-37.6,-42.1,-46.5,-53.7,-51.0,-47.4,-43.1,-38.6,-34.8,-31.8,-34.6,-38.6,-42.9,-47.1,-50.8,-44.4,-42.2,-40.2,-39.4,-40.4,-42.5,-44.6,-45.4,2.0,3.1,7.1,11.6,13.9,12.8,8.8,4.0,-1.9,0.5,4.0,8.4,12.7,16.3,19.1,16.8,13.6,9.7,5.4,1.3,6.1,8.3,10.2,10.7,9.6,7.4,5.5,4.9,-53.5,-58.0,-60.0,-58.4,-54.1,-49.4,-47.6,-49.2,-52.2,-54.2,-55.7,-56.4,-56.0,-54.6,-52.7,-51.0,-50.3,-49.9,-50.0,-50.6,-51.4,-50.7,-51.7,-53.9,-56.0,-56.7,-55.7,-53.5,-56.6,-61.1,-63.4,-62.1,-58.0,-53.5,-51.2,-52.1,-54.2,-56.9,-59.0,-60.3,-60.2,-59.2,-57.4,-55.6,-54.4,-53.7,-53.4,-53.3,-54.8,-54.1,-55.2,-57.4,-59.4,-60.1,-59.0,-56.8,491.1,491.8,491.4,490.3,489.0,488.6,488.8,489.9,496.0,493.2,490.5,489.0,488.8,489.4,490.5,488.9,487.9,488.0,489.7,492.6,490.8,490.3,490.1,490.4,491.0,491.5,491.7,491.4,481.7,483.3,484.6,484.9,483.9,482.4,481.1,480.9,482.5,481.8,481.4,481.8,483.4,486.0,488.7,485.2,482.2,480.4,480.0,481.0,482.6,482.8,483.4,484.2,484.6,484.5,483.9,483.1,Truthful
5,6,0,0.209,0.98,1,0.051584,0.374037,-0.925978,-0.035151,0.400414,-0.91566,0.009,0.398,553.7,556.2,563.5,571.3,574.9,573.0,565.1,557.3,545.6,549.6,555.5,563.0,571.1,578.0,583.5,578.3,571.1,563.5,556.2,550.1,561.1,565.0,568.6,569.9,568.1,564.2,560.6,559.3,643.7,645.7,652.9,661.0,665.3,663.3,656.1,647.4,636.6,641.0,647.2,655.2,663.0,669.5,674.5,670.5,664.8,657.6,649.8,642.4,651.1,655.1,658.6,659.6,657.5,653.5,650.0,649.0,264.8,256.8,252.9,255.5,262.9,271.4,274.8,272.2,267.4,263.6,260.6,258.9,259.6,262.0,265.7,268.4,269.7,270.6,270.7,269.8,268.2,269.4,267.5,263.5,259.8,258.6,260.5,264.5,256.9,249.1,245.3,247.7,254.9,262.7,266.5,264.9,261.6,256.5,252.5,250.2,250.8,253.3,257.2,259.6,261.0,262.0,262.6,263.0,260.4,261.6,259.7,255.9,252.4,251.2,253.1,256.9,-48.5,-47.1,-42.9,-38.5,-36.4,-37.5,-42.0,-46.4,-53.5,-51.0,-47.4,-43.1,-38.5,-34.7,-31.7,-34.5,-38.5,-42.8,-47.0,-50.7,-44.3,-42.1,-40.0,-39.3,-40.4,-42.6,-44.6,-45.4,2.0,3.1,7.1,11.6,14.0,12.8,8.8,4.1,-1.9,0.6,4.0,8.3,12.7,16.4,19.2,16.9,13.6,9.7,5.4,1.3,6.1,8.3,10.3,10.8,9.7,7.5,5.5,5.0,-53.5,-58.0,-60.1,-58.6,-54.3,-49.5,-47.7,-49.2,-52.5,-54.4,-55.7,-56.5,-56.1,-54.8,-52.9,-51.3,-50.5,-50.0,-50.0,-50.8,-51.6,-50.8,-51.9,-54.1,-56.2,-57.0,-55.9,-53.7,-56.7,-61.2,-63.5,-62.2,-58.0,-53.6,-51.3,-52.2,-54.2,-56.9,-59.1,-60.3,-60.2,-59.2,-57.3,-55.6,-54.5,-53.7,-53.4,-53.2,-54.8,-54.2,-55.3,-57.5,-59.5,-60.1,-59.0,-56.8,491.5,491.6,491.0,490.1,489.3,489.4,489.9,490.8,496.5,493.6,490.7,489.0,488.9,489.7,491.0,489.6,488.7,488.9,490.6,493.3,491.5,491.0,490.7,490.7,491.1,491.6,491.9,491.8,481.1,482.7,484.0,484.1,483.1,481.5,480.2,480.2,481.9,481.2,480.8,481.1,482.6,485.1,487.7,484.2,481.3,479.5,479.3,480.3,481.9,482.0,482.6,483.4,483.9,483.8,483.2,482.4,Truthful
6,7,0,0.25,0.98,1,0.044712,0.360073,-0.931852,-0.041315,0.399216,-0.915926,0.002,0.39,553.6,556.2,563.6,571.4,574.9,572.9,564.9,557.1,545.5,549.7,555.6,563.0,571.2,578.1,583.6,578.3,571.2,563.5,556.1,550.0,561.0,564.9,568.6,569.9,568.1,564.2,560.5,559.2,643.8,645.8,653.0,661.1,665.4,663.4,656.2,647.6,636.7,641.2,647.5,655.5,663.3,669.6,674.4,670.7,665.1,658.0,650.2,642.7,651.2,655.2,658.6,659.6,657.5,653.5,650.1,649.1,264.2,256.3,252.4,254.9,262.3,270.8,274.1,271.6,267.3,263.2,260.0,258.3,259.0,261.6,265.5,268.1,269.2,270.1,270.3,269.5,267.8,269.0,267.1,263.1,259.3,258.1,260.0,264.0,256.6,248.8,245.0,247.4,254.7,262.5,266.3,264.6,261.3,256.2,252.2,249.9,250.5,253.0,256.9,259.3,260.7,261.7,262.3,262.7,260.2,261.3,259.5,255.7,252.2,251.0,252.8,256.6,-48.3,-46.8,-42.6,-38.2,-36.2,-37.3,-41.8,-46.2,-53.3,-50.6,-47.0,-42.8,-38.2,-34.4,-31.5,-34.3,-38.2,-42.4,-46.7,-50.4,-44.1,-41.9,-39.8,-39.0,-40.1,-42.3,-44.4,-45.2,2.1,3.2,7.1,11.6,14.0,12.8,8.9,4.2,-1.8,0.7,4.1,8.5,12.8,16.4,19.1,16.9,13.8,9.9,5.6,1.5,6.2,8.3,10.2,10.8,9.6,7.5,5.5,5.0,-53.5,-58.0,-60.1,-58.5,-54.3,-49.5,-47.7,-49.2,-52.3,-54.3,-55.7,-56.5,-56.1,-54.7,-52.7,-51.1,-50.4,-49.9,-50.0,-50.7,-51.5,-50.7,-51.8,-54.0,-56.2,-56.9,-55.9,-53.6,-56.6,-61.1,-63.4,-62.1,-58.0,-53.5,-51.3,-52.2,-54.1,-56.9,-59.0,-60.3,-60.2,-59.2,-57.3,-55.6,-54.5,-53.7,-53.4,-53.2,-54.8,-54.2,-55.3,-57.4,-59.4,-60.1,-59.0,-56.8,488.5,488.9,488.4,487.4,486.3,486.0,486.3,487.4,493.4,490.5,487.8,486.2,486.0,486.7,487.8,486.4,485.4,485.5,487.2,490.0,488.2,487.7,487.4,487.7,488.2,488.8,489.0,488.8,479.2,480.8,482.2,482.5,481.6,480.0,478.6,478.4,480.0,479.3,478.9,479.4,481.1,483.8,486.5,483.0,479.9,478.0,477.6,478.5,480.2,480.3,481.0,481.8,482.2,482.1,481.4,480.6,Truthful
7,8,0,0.292,0.98,1,0.047669,0.3603,-0.931618,-0.039296,0.398218,-0.916449,0.005,0.389,553.7,556.3,563.7,571.4,575.0,573.0,565.0,557.3,545.6,549.7,555.6,563.1,571.2,578.0,583.4,578.1,571.0,563.4,556.2,550.1,561.1,564.9,568.6,569.9,568.2,564.3,560.6,559.3,644.0,645.9,653.0,661.1,665.4,663.5,656.4,647.8,636.8,641.3,647.6,655.5,663.3,669.6,674.4,670.7,665.1,658.1,650.3,642.8,651.4,655.3,658.7,659.7,657.6,653.6,650.2,649.2,264.0,256.0,252.2,254.7,262.1,270.6,273.9,271.4,267.1,262.9,259.7,258.0,258.7,261.4,265.4,267.8,268.9,269.7,269.9,269.2,267.5,268.7,266.8,262.8,259.1,257.8,259.8,263.8,256.5,248.7,244.9,247.4,254.6,262.3,266.1,264.5,261.3,256.2,252.1,249.8,250.4,252.9,256.9,259.2,260.5,261.5,262.1,262.6,260.1,261.2,259.4,255.6,252.1,250.9,252.8,256.6,-48.6,-47.1,-42.9,-38.5,-36.4,-37.5,-42.0,-46.4,-53.6,-51.0,-47.4,-43.1,-38.5,-34.7,-31.8,-34.7,-38.5,-42.8,-47.0,-50.7,-44.4,-42.2,-40.1,-39.3,-40.4,-42.6,-44.7,-45.4,2.2,3.3,7.2,11.6,14.0,12.9,9.0,4.3,-1.8,0.7,4.1,8.5,12.8,16.4,19.1,16.9,13.8,9.9,5.6,1.5,6.2,8.4,10.3,10.8,9.7,7.5,5.6,5.1,-54.0,-58.5,-60.6,-59.1,-54.8,-50.1,-48.3,-49.8,-52.8,-54.8,-56.3,-57.1,-56.7,-55.3,-53.1,-51.6,-50.9,-50.5,-50.5,-51.2,-52.0,-51.3,-52.3,-54.6,-56.7,-57.5,-56.4,-54.2,-56.7,-61.1,-63.4,-62.1,-58.0,-53.6,-51.3,-52.2,-54.1,-56.9,-59.0,-60.4,-60.2,-59.2,-57.3,-55.6,-54.5,-53.8,-53.4,-53.2,-54.8,-54.2,-55.3,-57.5,-59.5,-60.1,-59.0,-56.8,492.2,492.6,492.1,491.1,490.1,489.9,490.2,491.2,497.0,494.2,491.4,489.8,489.7,490.4,491.6,490.2,489.2,489.3,491.0,493.8,492.0,491.5,491.3,491.5,491.9,492.5,492.7,492.5,479.0,480.7,482.1,482.5,481.6,479.9,478.4,478.2,479.7,479.0,478.7,479.3,481.1,483.8,486.5,482.9,479.8,477.8,477.4,478.2,480.0,480.2,480.9,481.7,482.1,482.0,481.3,480.4,Truthful
8,9,0,0.334,0.98,1,0.049829,0.352464,-0.934498,-0.046802,0.397603,-0.916363,0.002,0.385,553.7,556.5,563.9,571.6,575.1,573.0,564.9,557.2,545.7,549.8,555.7,563.1,571.3,578.2,583.6,578.2,570.9,563.2,556.0,550.0,561.1,565.0,568.7,570.0,568.3,564.5,560.8,559.4,643.9,645.9,653.0,661.1,665.4,663.5,656.4,647.7,636.8,641.3,647.6,655.6,663.4,669.7,674.4,670.7,665.2,658.2,650.4,642.8,651.3,655.2,658.7,659.6,657.5,653.6,650.1,649.2,263.7,255.7,251.9,254.4,261.8,270.3,273.6,271.1,266.8,262.7,259.6,257.9,258.7,261.3,265.2,267.7,268.7,269.4,269.6,268.9,267.2,268.4,266.5,262.6,258.9,257.7,259.6,263.5,256.6,248.8,245.0,247.4,254.7,262.5,266.3,264.6,261.3,256.1,252.1,249.8,250.4,253.0,257.0,259.4,260.7,261.7,262.2,262.7,260.1,261.3,259.5,255.7,252.2,251.0,252.8,256.6,-48.1,-46.7,-42.5,-38.1,-36.1,-37.2,-41.7,-46.1,-53.1,-50.6,-47.0,-42.7,-38.1,-34.4,-31.4,-34.3,-38.3,-42.6,-46.8,-50.4,-44.0,-41.8,-39.7,-39.0,-40.0,-42.2,-44.2,-45.0,2.2,3.2,7.2,11.6,14.0,12.9,8.9,4.2,-1.7,0.7,4.2,8.5,12.8,16.4,19.1,16.9,13.8,9.9,5.7,1.5,6.2,8.4,10.3,10.8,9.6,7.5,5.6,5.0,-53.8,-58.3,-60.3,-58.8,-54.5,-49.8,-48.0,-49.5,-52.5,-54.5,-56.0,-56.7,-56.2,-54.8,-52.8,-51.3,-50.6,-50.2,-50.3,-51.0,-51.8,-51.0,-52.0,-54.3,-56.4,-57.1,-56.1,-53.9,-56.5,-61.0,-63.3,-62.0,-57.9,-53.4,-51.2,-52.1,-54.1,-56.8,-59.0,-60.3,-60.2,-59.1,-57.2,-55.5,-54.4,-53.6,-53.3,-53.1,-54.7,-54.1,-55.2,-57.4,-59.3,-60.0,-58.9,-56.7,488.3,488.8,488.4,487.2,485.9,485.6,485.9,487.1,493.3,490.4,487.6,485.9,485.7,486.3,487.3,485.9,484.9,485.2,487.0,489.9,487.9,487.3,487.1,487.4,488.0,488.6,488.8,488.5,478.4,480.0,481.5,481.8,480.9,479.3,477.9,477.6,479.0,478.4,478.1,478.7,480.5,483.2,485.9,482.3,479.2,477.3,476.8,477.6,479.4,479.6,480.3,481.1,481.5,481.3,480.6,479.8,Truthful
9,10,0,0.375,0.98,1,0.043615,0.362345,-0.931023,-0.055753,0.39699,-0.916128,-0.007,0.39,553.7,556.4,563.6,571.1,574.5,572.5,564.6,557.1,545.7,549.5,555.2,562.7,570.9,577.8,583.1,577.9,570.6,563.0,555.8,549.9,561.0,564.7,568.2,569.5,567.8,564.2,560.6,559.3,643.6,645.6,652.8,660.9,665.2,663.2,656.0,647.4,636.6,641.1,647.5,655.5,663.2,669.4,674.1,670.5,664.9,658.0,650.2,642.6,651.1,654.9,658.4,659.3,657.2,653.3,649.9,649.0,263.3,255.5,251.8,254.4,261.8,270.2,273.3,270.7,266.2,262.3,259.4,257.7,258.5,261.0,264.7,267.4,268.6,269.5,269.6,268.7,266.7,268.0,266.2,262.4,258.7,257.4,259.2,263.1,256.7,248.9,245.2,247.7,255.0,262.7,266.5,264.7,261.3,256.3,252.4,250.2,250.9,253.4,257.4,259.7,261.0,261.8,262.3,262.7,260.3,261.5,259.7,256.0,252.5,251.3,253.1,256.8,-48.7,-47.2,-43.1,-38.8,-36.8,-37.9,-42.4,-46.7,-53.8,-51.3,-47.8,-43.4,-38.8,-35.0,-32.0,-34.9,-38.9,-43.2,-47.4,-51.0,-44.6,-42.4,-40.4,-39.7,-40.7,-42.8,-44.8,-45.6,2.0,3.1,7.0,11.5,13.9,12.7,8.8,4.0,-1.9,0.6,4.1,8.5,12.7,16.3,19.0,16.8,13.7,9.8,5.6,1.4,6.1,8.2,10.1,10.6,9.5,7.4,5.5,4.9,-54.6,-59.0,-61.0,-59.4,-55.1,-50.4,-48.7,-50.3,-53.5,-55.3,-56.7,-57.4,-56.9,-55.6,-53.7,-52.0,-51.3,-50.8,-50.9,-51.7,-52.6,-51.8,-52.8,-55.0,-57.1,-57.9,-56.9,-54.7,-56.5,-61.0,-63.3,-61.9,-57.8,-53.3,-51.1,-52.1,-54.1,-56.8,-58.9,-60.1,-60.0,-58.9,-57.0,-55.3,-54.3,-53.6,-53.3,-53.1,-54.7,-54.1,-55.1,-57.3,-59.2,-59.9,-58.8,-56.7,493.8,493.8,493.1,492.0,491.3,491.4,492.0,493.0,499.1,495.9,492.9,491.0,490.8,491.6,492.8,491.5,490.6,491.0,492.8,495.7,493.6,493.1,492.7,492.7,493.1,493.6,494.0,493.9,479.0,480.7,482.1,482.5,481.5,479.8,478.4,478.1,479.5,478.9,478.6,479.2,481.0,483.7,486.4,482.8,479.7,477.7,477.2,478.1,479.9,480.1,480.8,481.6,482.1,481.9,481.2,480.4,Truthful
10,11,0,0.417,0.98,1,0.03385,0.362384,-0.931414,-0.066291,0.389188,-0.91877,-0.018,0.386,553.9,556.5,563.6,571.1,574.5,572.6,564.8,557.4,546.0,549.7,555.4,562.9,571.1,578.0,583.4,578.1,570.9,563.3,556.1,550.2,561.2,564.9,568.3,569.6,567.9,564.3,560.8,559.5,643.7,645.7,652.9,661.0,665.3,663.3,656.2,647.5,636.8,641.4,647.8,655.8,663.4,669.6,674.2,670.6,665.1,658.1,650.4,642.8,651.1,655.0,658.5,659.5,657.4,653.4,650.0,649.0,263.2,255.4,251.7,254.3,261.7,270.1,273.2,270.6,266.1,262.3,259.3,257.6,258.4,261.0,264.8,267.4,268.6,269.5,269.5,268.6,266.6,267.8,266.1,262.2,258.6,257.4,259.1,263.0,257.0,249.2,245.5,248.0,255.3,263.1,266.8,265.0,261.5,256.5,252.7,250.6,251.4,254.0,258.0,260.2,261.4,262.2,262.6,263.0,260.6,261.8,260.0,256.3,252.8,251.6,253.4,257.1,-48.6,-47.1,-43.0,-38.8,-36.8,-37.9,-42.3,-46.6,-53.7,-51.2,-47.7,-43.3,-38.6,-34.8,-31.9,-34.8,-38.8,-43.1,-47.3,-50.9,-44.5,-42.4,-40.4,-39.7,-40.6,-42.7,-44.7,-45.4,2.0,3.1,7.1,11.6,13.9,12.8,8.8,4.1,-1.8,0.8,4.3,8.6,12.9,16.3,19.0,16.9,13.7,9.9,5.7,1.5,6.1,8.3,10.2,10.7,9.6,7.4,5.5,5.0,-54.6,-59.0,-61.0,-59.4,-55.2,-50.5,-48.8,-50.4,-53.6,-55.4,-56.7,-57.4,-57.0,-55.6,-53.7,-52.0,-51.3,-50.8,-51.0,-51.8,-52.7,-52.0,-52.9,-55.1,-57.1,-57.9,-57.0,-54.8,-56.4,-60.8,-63.1,-61.7,-57.6,-53.1,-50.9,-51.9,-53.9,-56.6,-58.7,-59.9,-59.7,-58.6,-56.7,-55.1,-54.0,-53.4,-53.1,-53.0,-54.5,-53.8,-54.9,-57.1,-59.1,-59.7,-58.6,-56.5,494.0,493.9,493.1,492.1,491.5,491.7,492.3,493.4,499.4,496.1,493.1,491.1,490.8,491.7,493.0,491.7,490.9,491.3,493.1,496.0,493.9,493.4,493.0,492.9,493.3,493.8,494.1,494.2,478.7,480.5,482.0,482.4,481.4,479.6,478.1,477.9,479.2,478.6,478.4,479.0,480.9,483.6,486.3,482.7,479.6,477.5,477.0,477.8,479.7,479.9,480.6,481.5,482.0,481.8,481.0,480.2,Truthful
11,12,0,0.459,0.98,1,0.035385,0.350235,-0.935993,-0.061908,0.380663,-0.922639,-0.014,0.375,554.5,557.2,564.3,571.7,575.0,572.9,565.1,557.8,546.6,550.3,556.1,563.6,571.7,578.4,583.6,578.2,571.1,563.5,556.5,550.7,561.6,565.2,568.7,570.1,568.5,564.9,561.4,560.1,644.2,646.3,653.4,661.5,665.7,663.7,656.5,647.9,637.2,641.8,648.2,656.1,663.8,670.0,674.8,671.0,665.3,658.3,650.5,643.0,651.7,655.5,658.9,659.9,657.9,654.0,650.6,649.6,263.1,255.4,251.8,254.4,261.7,270.0,273.0,270.4,266.2,262.1,259.1,257.4,258.4,261.3,265.4,267.7,268.7,269.3,269.4,268.5,266.5,267.8,266.0,262.3,258.7,257.4,259.2,262.9,257.2,249.5,245.8,248.3,255.5,263.2,266.9,265.2,261.8,256.9,253.0,250.9,251.6,254.2,258.1,260.4,261.6,262.4,262.9,263.2,260.8,261.9,260.2,256.5,253.0,251.8,253.6,257.3,-48.7,-47.1,-43.0,-38.7,-36.8,-38.0,-42.4,-46.7,-53.7,-51.2,-47.7,-43.3,-38.6,-34.9,-32.0,-35.0,-39.0,-43.3,-47.4,-51.0,-44.6,-42.5,-40.5,-39.7,-40.7,-42.7,-44.8,-45.5,2.3,3.5,7.5,11.9,14.3,13.1,9.1,4.4,-1.6,1.0,4.5,8.9,13.2,16.7,19.5,17.2,14.0,10.1,5.8,1.7,6.4,8.6,10.5,11.0,9.9,7.8,5.9,5.3,-55.2,-59.6,-61.5,-59.9,-55.6,-51.0,-49.3,-50.9,-53.9,-55.9,-57.4,-58.1,-57.5,-55.9,-53.7,-52.2,-51.6,-51.3,-51.5,-52.3,-53.2,-52.4,-53.3,-55.5,-57.6,-58.4,-57.4,-55.3,-56.7,-61.2,-63.4,-62.1,-58.0,-53.5,-51.3,-52.2,-54.3,-56.9,-59.0,-60.2,-60.0,-58.9,-57.1,-55.4,-54.4,-53.7,-53.4,-53.3,-54.9,-54.2,-55.3,-57.4,-59.4,-60.0,-59.0,-56.8,498.0,498.1,497.5,496.3,495.4,495.4,495.9,497.0,503.2,500.1,497.1,495.2,494.9,495.7,496.8,495.5,494.7,495.0,496.8,499.8,497.7,497.1,496.8,496.9,497.3,497.9,498.2,498.1,483.0,484.6,486.0,486.2,485.3,483.6,482.2,482.1,483.7,483.0,482.6,483.1,484.8,487.4,490.1,486.6,483.5,481.6,481.2,482.2,483.9,484.0,484.7,485.4,485.9,485.8,485.1,484.3,Truthful
12,13,0,0.5,0.98,1,0.034369,0.342781,-0.938787,-0.067214,0.378404,-0.923197,-0.018,0.37,554.9,557.7,564.8,572.1,575.4,573.3,565.5,558.2,547.1,550.9,556.6,564.1,572.2,578.8,583.8,578.5,571.4,564.0,557.0,551.2,562.1,565.6,569.1,570.5,568.9,565.3,561.8,560.5,644.8,646.9,654.0,662.0,666.2,664.1,657.0,648.4,637.8,642.4,648.7,656.7,664.4,670.7,675.6,671.6,665.9,658.8,651.0,643.6,652.2,656.0,659.4,660.4,658.4,654.6,651.2,650.2,263.1,255.4,251.8,254.4,261.7,270.0,273.0,270.4,266.4,262.2,259.1,257.4,258.5,261.4,265.8,267.9,268.8,269.4,269.4,268.5,266.5,267.8,266.1,262.3,258.7,257.5,259.2,262.9,257.2,249.5,245.8,248.3,255.4,263.1,266.8,265.1,261.8,256.9,253.0,250.9,251.6,254.2,258.0,260.3,261.5,262.3,262.8,263.2,260.7,261.9,260.1,256.4,253.0,251.9,253.6,257.3,-48.7,-47.1,-43.0,-38.7,-36.8,-38.0,-42.5,-46.7,-53.7,-51.2,-47.6,-43.2,-38.6,-34.9,-32.1,-35.0,-39.0,-43.2,-47.4,-51.0,-44.6,-42.5,-40.5,-39.7,-40.6,-42.7,-44.8,-45.5,2.6,3.8,7.8,12.3,14.6,13.4,9.4,4.7,-1.2,1.3,4.8,9.2,13.5,17.2,20.0,17.6,14.3,10.4,6.1,2.0,6.8,8.9,10.8,11.3,10.2,8.1,6.2,5.7,-55.5,-59.9,-61.9,-60.2,-56.0,-51.2,-49.6,-51.2,-54.1,-56.2,-57.6,-58.4,-57.7,-56.1,-53.8,-52.4,-51.9,-51.5,-51.7,-52.5,-53.5,-52.7,-53.6,-55.8,-57.9,-58.7,-57.7,-55.6,-56.9,-61.4,-63.6,-62.3,-58.2,-53.7,-51.5,-52.4,-54.5,-57.1,-59.2,-60.4,-60.2,-59.1,-57.3,-55.6,-54.6,-53.9,-53.6,-53.5,-55.1,-54.5,-55.5,-57.6,-59.6,-60.2,-59.2,-57.0,500.7,500.9,500.3,499.2,498.2,498.2,498.6,499.8,505.7,502.7,499.7,497.9,497.6,498.4,499.5,498.2,497.4,497.7,499.5,502.3,500.4,499.9,499.6,499.7,500.1,500.7,501.0,500.9,484.6,486.3,487.5,487.7,486.6,485.0,483.7,483.7,485.4,484.6,484.2,484.6,486.2,488.8,491.4,487.9,484.9,483.1,482.8,483.8,485.4,485.5,486.1,486.9,487.4,487.3,486.7,485.9,Truthful
13,14,0,0.542,0.98,1,0.037403,0.350722,-0.935732,-0.054313,0.376769,-0.924714,-0.009,0.373,555.3,558.0,565.2,572.6,575.9,573.8,565.9,558.5,547.4,551.1,556.9,564.4,572.6,579.3,584.4,579.1,572.0,564.4,557.4,551.6,562.5,566.1,569.6,570.9,569.3,565.7,562.2,560.9,645.4,647.4,654.5,662.5,666.6,664.5,657.4,649.0,638.2,642.8,649.0,656.9,664.7,671.1,675.9,671.9,666.1,659.0,651.3,644.0,652.7,656.5,659.9,660.9,658.9,655.1,651.7,650.7,263.0,255.3,251.7,254.5,261.9,270.2,273.2,270.4,266.1,262.1,259.1,257.4,258.4,261.3,265.5,267.8,268.7,269.4,269.4,268.4,266.5,267.8,266.1,262.3,258.7,257.4,259.1,262.9,257.1,249.4,245.6,248.1,255.2,262.9,266.6,264.9,261.6,256.7,252.8,250.7,251.4,253.9,257.8,260.1,261.3,262.1,262.6,263.0,260.5,261.7,259.9,256.2,252.7,251.6,253.4,257.1,-48.2,-46.7,-42.5,-38.2,-36.3,-37.5,-42.0,-46.3,-53.2,-50.8,-47.2,-42.7,-38.1,-34.4,-31.6,-34.5,-38.5,-42.8,-46.9,-50.5,-44.1,-42.0,-40.0,-39.2,-40.2,-42.3,-44.3,-45.0,3.0,4.2,8.1,12.6,14.9,13.7,9.7,5.0,-1.0,1.5,5.0,9.4,13.8,17.5,20.3,17.9,14.6,10.6,6.3,2.2,7.1,9.2,11.1,11.7,10.6,8.5,6.5,6.0,-55.2,-59.6,-61.5,-59.8,-55.6,-50.9,-49.2,-50.9,-53.9,-55.9,-57.3,-58.0,-57.4,-55.9,-53.7,-52.2,-51.6,-51.2,-51.4,-52.3,-53.2,-52.4,-53.3,-55.4,-57.5,-58.3,-57.4,-55.2,-57.4,-61.9,-64.1,-62.8,-58.7,-54.2,-52.0,-52.9,-55.0,-57.6,-59.7,-60.9,-60.7,-59.6,-57.8,-56.1,-55.1,-54.4,-54.1,-54.0,-55.6,-54.9,-56.0,-58.2,-60.1,-60.8,-59.7,-57.6,497.8,497.8,497.1,496.1,495.3,495.4,495.9,497.0,502.8,499.7,496.8,494.9,494.7,495.5,496.7,495.4,494.6,494.9,496.7,499.5,497.6,497.1,496.7,496.8,497.1,497.7,498.0,498.0,488.0,489.5,490.7,490.9,490.0,488.4,487.2,487.2,488.9,488.0,487.5,487.8,489.5,492.0,494.7,491.2,488.3,486.5,486.3,487.3,488.8,488.9,489.5,490.2,490.7,490.6,490.0,489.3,Truthful
14,15,0,0.584,0.98,1,0.034672,0.359884,-0.932353,-0.054026,0.370524,-0.92725,-0.01,0.374,555.7,558.3,565.5,573.0,576.4,574.4,566.6,559.1,547.9,551.6,557.2,564.8,573.0,579.9,585.3,580.0,572.7,565.0,557.9,552.1,563.0,566.7,570.2,571.5,569.8,566.1,562.6,561.3,645.6,647.8,655.0,663.0,667.2,665.0,657.8,649.3,638.7,643.1,649.3,657.2,665.0,671.5,676.3,672.3,666.6,659.5,651.8,644.4,653.0,656.9,660.4,661.5,659.4,655.5,652.0,650.9,263.0,255.1,251.5,254.3,261.8,270.1,273.2,270.4,265.6,261.8,259.0,257.4,258.2,260.7,264.5,267.2,268.5,269.3,269.3,268.2,266.4,267.8,266.0,262.2,258.5,257.1,258.9,262.7,256.6,248.8,245.1,247.6,254.8,262.5,266.2,264.5,261.3,256.3,252.4,250.3,251.0,253.5,257.3,259.6,260.9,261.7,262.2,262.6,260.1,261.3,259.5,255.7,252.2,251.0,252.9,256.6,-47.4,-45.9,-41.8,-37.5,-35.6,-36.7,-41.2,-45.5,-52.4,-50.0,-46.5,-42.1,-37.4,-33.6,-30.7,-33.6,-37.6,-41.9,-46.1,-49.7,-43.3,-41.2,-39.2,-38.5,-39.4,-41.5,-43.5,-44.3,3.1,4.3,8.3,12.8,15.1,13.9,9.9,5.1,-0.7,1.7,5.1,9.6,13.9,17.6,20.4,18.1,14.8,10.8,6.5,2.5,7.2,9.4,11.4,12.0,10.8,8.6,6.7,6.1,-54.6,-59.0,-60.9,-59.2,-55.0,-50.3,-48.7,-50.3,-53.7,-55.5,-56.7,-57.4,-56.9,-55.6,-53.6,-51.9,-51.2,-50.7,-50.9,-51.8,-52.6,-51.8,-52.8,-54.9,-57.0,-57.8,-56.9,-54.7,-57.4,-61.9,-64.1,-62.8,-58.7,-54.2,-52.0,-52.9,-54.9,-57.6,-59.7,-60.9,-60.7,-59.6,-57.7,-56.1,-55.1,-54.4,-54.1,-54.0,-55.5,-54.9,-56.0,-58.1,-60.2,-60.8,-59.7,-57.5,492.2,492.0,491.1,490.0,489.5,489.9,490.6,491.7,497.6,494.3,491.2,489.2,488.9,489.7,491.0,489.8,489.0,489.5,491.4,494.3,492.1,491.6,491.1,491.0,491.3,491.8,492.2,492.3,485.8,487.4,488.6,488.8,487.7,486.1,484.9,484.9,486.6,485.9,485.4,485.7,487.2,489.7,492.2,488.8,485.9,484.2,484.0,485.0,486.6,486.6,487.2,488.0,488.5,488.5,487.9,487.1,Truthful
15,16,0,0.626,0.98,1,0.039158,0.351018,-0.93555,-0.04701,0.36962,-0.927993,-0.004,0.369,555.9,558.6,565.8,573.3,576.8,574.8,566.9,559.4,548.2,551.8,557.5,565.0,573.3,580.3,585.7,580.3,573.0,565.3,558.2,552.4,563.3,567.0,570.5,571.8,570.2,566.5,562.9,561.6,645.9,648.0,655.2,663.3,667.6,665.5,658.3,649.7,638.7,643.3,649.7,657.6,665.4,671.9,676.8,672.8,666.9,659.7,651.9,644.5,653.4,657.3,660.7,661.7,659.7,655.8,652.4,651.4,262.9,255.0,251.4,254.1,261.6,270.1,273.2,270.5,265.7,261.8,259.0,257.3,258.1,260.6,264.5,267.2,268.4,269.3,269.3,268.3,266.4,267.8,266.0,262.1,258.4,257.0,258.8,262.7,256.3,248.5,244.7,247.1,254.3,262.1,265.9,264.2,260.9,255.9,251.9,249.8,250.5,253.0,256.8,259.2,260.5,261.3,261.8,262.3,259.7,260.9,259.1,255.4,251.9,250.8,252.6,256.3,-47.0,-45.5,-41.4,-37.1,-35.1,-36.3,-40.7,-45.0,-51.9,-49.5,-46.0,-41.6,-37.0,-33.2,-30.3,-33.2,-37.2,-41.5,-45.7,-49.2,-42.9,-40.7,-38.7,-38.0,-39.0,-41.1,-43.1,-43.8,3.3,4.4,8.4,12.9,15.3,14.1,10.1,5.3,-0.7,1.8,5.3,9.7,14.0,17.7,20.6,18.2,14.9,10.8,6.5,2.5,7.4,9.6,11.5,12.0,10.9,8.8,6.9,6.3,-54.3,-58.7,-60.6,-58.9,-54.7,-50.0,-48.3,-50.0,-53.3,-55.1,-56.4,-57.0,-56.6,-55.2,-53.2,-51.6,-50.8,-50.4,-50.6,-51.5,-52.3,-51.5,-52.4,-54.6,-56.7,-57.5,-56.6,-54.4,-57.2,-61.7,-64.0,-62.6,-58.5,-54.0,-51.8,-52.7,-54.8,-57.4,-59.6,-60.8,-60.6,-59.5,-57.7,-56.0,-54.9,-54.2,-53.9,-53.8,-55.4,-54.8,-55.8,-58.0,-59.9,-60.6,-59.5,-57.3,489.1,488.9,488.0,486.9,486.3,486.6,487.4,488.5,494.5,491.2,488.1,486.0,485.7,486.4,487.7,486.5,485.8,486.3,488.2,491.1,488.9,488.3,487.9,487.8,488.1,488.7,489.1,489.2,482.5,484.2,485.4,485.5,484.5,482.9,481.6,481.6,483.5,482.7,482.2,482.5,484.1,486.6,489.1,485.7,482.7,481.0,480.8,481.8,483.3,483.4,484.0,484.8,485.3,485.2,484.6,483.8,Truthful
16,17,0,0.667,0.98,1,0.046077,0.343303,-0.938094,-0.046724,0.36689,-0.92909,-0.0,0.363,556.2,558.9,566.1,573.6,577.1,575.0,567.1,559.6,548.3,552.0,557.8,565.4,573.6,580.4,585.8,580.4,573.2,565.6,558.5,552.6,563.5,567.2,570.8,572.1,570.4,566.7,563.1,561.8,646.1,648.1,655.2,663.3,667.6,665.6,658.4,649.8,638.9,643.4,649.7,657.7,665.5,671.9,676.7,672.8,667.0,659.9,652.1,644.7,653.5,657.4,660.8,661.8,659.7,655.8,652.4,651.4,263.0,255.1,251.5,254.3,261.8,270.2,273.2,270.5,265.9,262.0,259.1,257.5,258.2,260.8,264.7,267.2,268.4,269.3,269.3,268.3,266.5,267.8,266.0,262.2,258.5,257.1,258.9,262.8,256.3,248.5,244.6,247.0,254.2,262.0,265.9,264.3,260.8,255.8,251.9,249.7,250.4,252.8,256.6,259.0,260.4,261.3,261.8,262.2,259.7,260.9,259.0,255.3,251.8,250.7,252.5,256.3,-47.2,-45.7,-41.5,-37.2,-35.3,-36.4,-40.9,-45.2,-52.2,-49.8,-46.2,-41.8,-37.2,-33.4,-30.5,-33.4,-37.4,-41.7,-45.8,-49.4,-43.1,-41.0,-38.9,-38.2,-39.1,-41.3,-43.3,-44.1,3.4,4.5,8.4,12.9,15.3,14.1,10.2,5.4,-0.6,1.9,5.4,9.8,14.1,17.8,20.6,18.2,14.9,11.0,6.7,2.6,7.5,9.6,11.5,12.1,11.0,8.8,6.9,6.3,-54.6,-59.1,-61.0,-59.3,-55.1,-50.4,-48.7,-50.4,-53.6,-55.4,-56.7,-57.4,-57.0,-55.6,-53.6,-52.0,-51.3,-50.8,-51.0,-51.9,-52.7,-51.9,-52.8,-55.0,-57.1,-57.9,-57.0,-54.8,-57.2,-61.8,-64.1,-62.8,-58.7,-54.2,-51.9,-52.8,-54.9,-57.5,-59.6,-60.9,-60.7,-59.7,-57.9,-56.2,-55.1,-54.3,-54.0,-53.9,-55.5,-54.8,-55.9,-58.1,-60.1,-60.7,-59.6,-57.4,492.9,492.8,492.0,491.0,490.4,490.7,491.3,492.3,498.1,494.9,491.9,489.9,489.7,490.6,491.9,490.7,489.8,490.2,492.0,494.8,492.8,492.3,491.9,491.8,492.1,492.6,493.0,493.1,483.2,484.7,485.9,486.2,485.3,483.7,482.5,482.4,484.1,483.3,482.8,483.1,484.8,487.3,490.0,486.5,483.6,481.8,481.5,482.5,484.1,484.2,484.8,485.5,486.0,485.8,485.2,484.5,Truthful
17,18,0,0.709,0.98,1,0.047882,0.345454,-0.937213,-0.050593,0.362928,-0.930443,-0.001,0.363,556.2,558.8,566.0,573.7,577.3,575.4,567.5,559.8,548.3,552.0,557.6,565.2,573.5,580.6,586.2,580.9,573.6,565.9,558.6,552.7,563.7,567.5,571.0,572.2,570.5,566.7,563.2,561.9,646.1,648.1,655.2,663.3,667.5,665.5,658.4,649.8,639.1,643.6,649.9,657.8,665.6,672.0,676.7,672.9,667.2,660.2,652.4,645.0,653.5,657.4,660.8,661.8,659.7,655.8,652.4,651.4,263.5,255.5,251.8,254.5,262.0,270.5,273.7,271.0,266.2,262.5,259.7,257.9,258.5,260.9,264.5,267.3,268.7,269.8,269.9,268.8,266.9,268.2,266.3,262.4,258.7,257.4,259.2,263.2,256.3,248.5,244.7,247.1,254.3,262.1,265.9,264.2,260.8,255.8,252.0,249.8,250.4,252.9,256.7,259.1,260.4,261.3,261.8,262.2,259.8,260.9,259.1,255.3,251.8,250.7,252.5,256.3,-46.6,-45.1,-41.0,-36.7,-34.7,-35.8,-40.2,-44.5,-51.5,-49.2,-45.7,-41.4,-36.8,-32.9,-29.9,-32.7,-36.7,-41.0,-45.2,-48.8,-42.4,-40.3,-38.3,-37.6,-38.6,-40.7,-42.7,-43.4,3.4,4.5,8.5,13.0,15.3,14.1,10.1,5.4,-0.5,2.0,5.5,9.9,14.2,17.8,20.6,18.3,15.1,11.1,6.8,2.7,7.5,9.6,11.5,12.1,11.0,8.8,6.9,6.3,-53.7,-58.1,-60.0,-58.4,-54.2,-49.6,-47.8,-49.4,-52.7,-54.5,-55.7,-56.4,-56.1,-54.8,-53.0,-51.3,-50.4,-49.9,-50.0,-50.9,-51.8,-51.0,-52.0,-54.1,-56.2,-57.0,-56.0,-53.9,-57.4,-61.9,-64.1,-62.8,-58.7,-54.2,-52.0,-52.9,-55.0,-57.6,-59.7,-61.0,-60.8,-59.8,-57.9,-56.2,-55.1,-54.4,-54.1,-54.0,-55.5,-54.9,-56.0,-58.2,-60.2,-60.8,-59.7,-57.5,486.6,486.2,485.3,484.4,483.9,484.5,485.2,486.2,492.1,488.8,485.7,483.6,483.3,484.2,485.6,484.4,483.6,484.1,485.9,488.8,486.5,486.1,485.6,485.4,485.7,486.1,486.6,486.7,484.0,485.5,486.7,487.0,486.1,484.5,483.3,483.2,484.8,484.0,483.6,484.0,485.6,488.2,490.9,487.4,484.4,482.6,482.3,483.2,484.8,485.0,485.6,486.3,486.8,486.6,486.0,485.3,Truthful
18,19,0,0.751,0.98,1,0.044681,0.351677,-0.935055,-0.049426,0.372975,-0.926524,-0.003,0.371,555.9,558.5,565.7,573.4,576.9,575.0,567.1,559.5,548.1,551.8,557.5,565.1,573.4,580.3,585.8,580.5,573.3,565.6,558.4,552.5,563.3,567.1,570.7,572.0,570.2,566.4,562.9,561.6,645.8,647.9,655.0,663.0,667.3,665.3,658.2,649.6,638.8,643.3,649.6,657.6,665.4,671.7,676.4,672.7,667.0,660.0,652.2,644.7,653.3,657.1,660.5,661.5,659.4,655.6,652.2,651.2,264.2,256.2,252.5,255.1,262.7,271.1,274.4,271.7,267.1,263.2,260.3,258.5,259.1,261.6,265.4,268.2,269.5,270.5,270.6,269.6,267.6,268.9,267.1,263.1,259.4,258.1,260.0,263.9,256.8,249.0,245.2,247.6,254.8,262.6,266.4,264.7,261.4,256.4,252.5,250.3,251.0,253.5,257.4,259.7,260.9,261.7,262.3,262.8,260.3,261.4,259.6,255.9,252.4,251.2,253.1,256.8,-47.0,-45.5,-41.4,-37.1,-35.0,-36.1,-40.6,-44.9,-51.9,-49.5,-46.0,-41.6,-37.0,-33.2,-30.2,-33.1,-37.0,-41.3,-45.5,-49.1,-42.8,-40.7,-38.6,-37.9,-38.9,-41.1,-43.1,-43.8,3.2,4.3,8.3,12.8,15.1,14.0,10.0,5.3,-0.7,1.8,5.3,9.7,14.0,17.6,20.4,18.1,14.9,11.0,6.7,2.6,7.3,9.4,11.3,11.9,10.8,8.6,6.7,6.2,-53.5,-57.9,-59.9,-58.3,-54.1,-49.4,-47.7,-49.3,-52.4,-54.3,-55.6,-56.3,-56.0,-54.7,-52.7,-51.1,-50.2,-49.7,-49.8,-50.7,-51.6,-50.8,-51.8,-54.0,-56.1,-56.9,-55.9,-53.7,-56.9,-61.3,-63.6,-62.3,-58.2,-53.7,-51.5,-52.4,-54.4,-57.0,-59.2,-60.4,-60.3,-59.2,-57.4,-55.7,-54.7,-54.0,-53.6,-53.5,-55.0,-54.4,-55.5,-57.7,-59.6,-60.2,-59.2,-57.0,488.7,488.5,487.7,486.7,486.1,486.5,487.1,488.1,493.9,490.7,487.7,485.8,485.5,486.4,487.7,486.5,485.7,486.0,487.8,490.7,488.6,488.1,487.7,487.6,487.9,488.4,488.8,488.9,481.9,483.5,484.9,485.1,484.2,482.6,481.3,481.1,482.7,482.0,481.6,482.1,483.8,486.4,489.1,485.6,482.6,480.7,480.3,481.2,482.9,483.0,483.6,484.4,484.9,484.7,484.1,483.3,Truthful
19,20,0,0.792,0.98,1,0.051398,0.357856,-0.932361,-0.046967,0.377898,-0.924655,0.002,0.377,555.6,558.3,565.5,573.2,576.8,574.8,566.8,559.2,547.8,551.5,557.2,564.7,573.0,580.1,585.7,580.4,573.0,565.3,558.0,552.1,563.1,566.9,570.5,571.8,570.0,566.2,562.6,561.3,645.4,647.4,654.5,662.5,666.8,664.9,657.8,649.2,638.5,642.8,649.0,657.0,664.9,671.3,676.1,672.3,666.6,659.6,651.8,644.3,652.9,656.7,660.1,661.1,659.0,655.1,651.7,650.8,264.8,256.8,253.1,255.7,263.3,271.9,275.1,272.4,267.8,263.9,260.9,259.1,259.7,262.1,265.8,268.6,270.0,271.0,271.2,270.3,268.3,269.7,267.8,263.8,260.1,258.8,260.6,264.6,257.4,249.6,245.7,248.0,255.1,262.9,266.8,265.2,262.1,257.1,253.0,250.7,251.3,253.8,257.7,259.9,261.2,262.2,262.8,263.4,260.7,261.8,260.0,256.2,252.8,251.7,253.6,257.3,-46.8,-45.3,-41.2,-36.9,-34.9,-36.0,-40.4,-44.8,-51.7,-49.3,-45.8,-41.5,-36.9,-33.0,-30.0,-32.9,-36.9,-41.2,-45.4,-48.9,-42.6,-40.5,-38.5,-37.7,-38.7,-40.9,-42.9,-43.6,3.0,4.1,8.0,12.5,14.9,13.8,9.8,5.1,-0.8,1.6,5.0,9.4,13.8,17.5,20.2,18.0,14.7,10.8,6.5,2.4,7.1,9.3,11.2,11.7,10.5,8.4,6.5,6.0,-52.8,-57.2,-59.2,-57.6,-53.3,-48.6,-46.9,-48.5,-51.7,-53.5,-54.8,-55.6,-55.2,-54.0,-52.1,-50.4,-49.6,-49.0,-49.1,-49.9,-50.8,-50.0,-51.0,-53.2,-55.3,-56.1,-55.1,-52.9,-56.7,-61.2,-63.5,-62.2,-58.1,-53.7,-51.4,-52.2,-54.1,-56.8,-59.0,-60.3,-60.2,-59.2,-57.3,-55.6,-54.6,-53.9,-53.5,-53.3,-54.9,-54.3,-55.4,-57.6,-59.5,-60.1,-59.0,-56.9,485.1,485.0,484.1,483.0,482.3,482.6,483.3,484.4,490.4,487.2,484.2,482.2,481.9,482.6,483.9,482.6,481.8,482.3,484.2,487.1,484.9,484.3,483.9,483.9,484.2,484.8,485.2,485.2,483.1,484.7,485.9,486.2,485.2,483.7,482.4,482.3,484.0,483.2,482.8,483.2,484.9,487.4,490.1,486.6,483.7,481.8,481.5,482.4,484.0,484.1,484.7,485.5,485.9,485.8,485.2,484.5,Truthful
20,21,0,0.834,0.98,1,0.051163,0.357938,-0.932343,-0.053287,0.36758,-0.928464,-0.001,0.372,555.2,557.7,565.0,572.6,576.2,574.3,566.4,558.7,547.4,551.0,556.7,564.2,572.5,579.6,585.3,579.9,572.5,564.8,557.6,551.7,562.6,566.4,570.0,571.3,569.5,565.7,562.1,560.8,644.9,646.9,654.0,662.1,666.4,664.5,657.4,648.8,638.2,642.5,648.7,656.6,664.5,670.9,675.7,671.9,666.2,659.2,651.4,644.0,652.4,656.3,659.7,660.6,658.5,654.7,651.3,650.3,265.6,257.6,253.9,256.6,264.2,272.7,275.9,273.2,268.4,264.6,261.8,260.0,260.5,262.8,266.4,269.4,270.9,271.9,272.0,271.0,269.1,270.4,268.6,264.6,260.8,259.5,261.3,265.3,257.8,250.0,246.1,248.4,255.5,263.3,267.2,265.7,262.6,257.5,253.5,251.2,251.7,254.1,257.9,260.3,261.6,262.6,263.3,263.8,261.2,262.2,260.4,256.6,253.2,252.1,254.0,257.7,-47.0,-45.5,-41.4,-37.1,-35.1,-36.2,-40.6,-45.0,-51.9,-49.5,-46.1,-41.7,-37.1,-33.3,-30.2,-33.1,-37.1,-41.4,-45.6,-49.1,-42.9,-40.7,-38.7,-37.9,-39.0,-41.1,-43.1,-43.9,2.7,3.8,7.8,12.3,14.7,13.6,9.6,4.8,-1.0,1.4,4.8,9.2,13.6,17.2,20.0,17.8,14.5,10.6,6.3,2.2,6.9,9.0,10.9,11.5,10.3,8.2,6.3,5.7,-52.3,-56.7,-58.6,-57.0,-52.8,-48.1,-46.4,-48.0,-51.3,-53.1,-54.3,-55.1,-54.7,-53.5,-51.7,-49.9,-49.1,-48.5,-48.6,-49.5,-50.3,-49.5,-50.5,-52.7,-54.8,-55.6,-54.6,-52.5,-56.5,-61.1,-63.4,-62.1,-58.1,-53.5,-51.2,-52.1,-54.0,-56.7,-58.9,-60.2,-60.1,-59.1,-57.3,-55.6,-54.5,-53.7,-53.3,-53.1,-54.8,-54.2,-55.3,-57.5,-59.4,-60.0,-58.9,-56.7,484.7,484.4,483.4,482.4,481.8,482.3,483.1,484.1,490.1,486.8,483.6,481.6,481.2,482.1,483.4,482.2,481.4,481.9,483.8,486.7,484.5,484.0,483.5,483.4,483.6,484.1,484.6,484.8,484.1,485.7,486.9,487.1,486.1,484.5,483.3,483.3,484.9,484.1,483.7,484.1,485.7,488.2,490.8,487.4,484.5,482.7,482.4,483.4,485.0,485.0,485.6,486.4,486.9,486.8,486.2,485.4,Truthful
21,22,0,0.876,0.98,1,0.05546,0.352309,-0.934239,-0.051188,0.35797,-0.932329,0.002,0.364,554.6,557.3,564.6,572.2,575.7,573.7,565.7,558.0,546.9,550.5,556.0,563.5,571.8,579.0,584.7,579.2,571.8,564.1,556.9,551.1,562.0,565.8,569.4,570.8,569.0,565.3,561.6,560.3,644.4,646.2,653.3,661.5,666.0,664.2,657.1,648.4,637.4,641.8,648.1,656.1,664.0,670.4,675.1,671.5,666.0,659.0,651.1,643.4,651.9,655.9,659.3,660.1,658.0,654.0,650.6,649.8,265.7,257.7,254.0,256.8,264.5,273.1,276.2,273.3,268.6,264.7,261.8,260.1,260.7,263.1,266.8,269.7,271.1,272.2,272.3,271.2,269.3,270.7,268.8,264.9,261.1,259.7,261.5,265.5,258.0,250.2,246.3,248.5,255.7,263.5,267.5,266.0,262.8,257.8,253.8,251.5,252.0,254.4,258.2,260.5,261.8,262.8,263.4,264.1,261.4,262.5,260.6,256.9,253.4,252.3,254.2,258.0,-47.1,-45.6,-41.5,-37.2,-35.2,-36.4,-40.9,-45.2,-51.9,-49.6,-46.2,-41.9,-37.3,-33.5,-30.4,-33.3,-37.3,-41.6,-45.8,-49.3,-43.0,-40.9,-38.8,-38.1,-39.1,-41.2,-43.2,-44.0,2.4,3.4,7.3,11.8,14.2,13.2,9.3,4.6,-1.4,1.0,4.4,8.8,13.1,16.7,19.4,17.3,14.2,10.3,6.0,1.9,6.5,8.7,10.5,11.0,9.8,7.7,5.8,5.3,-52.0,-56.4,-58.3,-56.6,-52.4,-47.7,-46.1,-47.7,-51.0,-52.8,-54.0,-54.8,-54.4,-53.2,-51.3,-49.5,-48.7,-48.2,-48.3,-49.2,-50.0,-49.2,-50.2,-52.3,-54.5,-55.3,-54.3,-52.2,-55.5,-60.0,-62.4,-61.2,-57.1,-52.6,-50.3,-51.1,-53.0,-55.7,-57.8,-59.2,-59.1,-58.1,-56.3,-54.6,-53.6,-52.8,-52.4,-52.2,-53.8,-53.2,-54.3,-56.5,-58.4,-59.0,-57.9,-55.7,482.7,482.4,481.4,480.3,479.7,480.2,481.0,482.1,488.2,484.9,481.7,479.6,479.2,479.9,481.1,480.0,479.3,479.9,481.8,484.8,482.5,481.9,481.4,481.3,481.6,482.1,482.6,482.8,476.6,478.3,479.7,480.0,479.0,477.3,475.9,475.7,477.2,476.6,476.3,476.9,478.7,481.3,483.9,480.4,477.3,475.3,474.9,475.7,477.5,477.7,478.4,479.2,479.7,479.5,478.8,478.0,Truthful
22,23,0,0.918,0.98,1,0.047717,0.350697,-0.935272,-0.046981,0.358858,-0.932209,0.0,0.363,553.8,556.5,563.8,571.4,574.9,572.8,564.9,557.3,546.1,549.8,555.5,563.0,571.3,578.4,584.0,578.6,571.3,563.5,556.3,550.4,561.2,565.0,568.6,569.9,568.2,564.5,560.8,559.5,643.8,645.6,652.7,660.9,665.4,663.5,656.5,647.8,636.7,641.1,647.3,655.4,663.2,669.6,674.4,670.8,665.2,658.2,650.3,642.7,651.3,655.2,658.6,659.5,657.3,653.4,650.0,649.2,265.8,257.8,254.1,256.9,264.5,273.0,276.2,273.4,268.7,264.9,262.0,260.2,260.8,263.2,266.8,269.8,271.2,272.2,272.3,271.3,269.3,270.7,268.9,264.9,261.2,259.8,261.6,265.6,258.2,250.4,246.5,248.8,256.0,263.7,267.6,266.1,263.1,258.0,254.0,251.6,252.2,254.6,258.6,260.8,262.0,262.9,263.6,264.3,261.6,262.7,260.8,257.1,253.7,252.6,254.5,258.2,-47.8,-46.3,-42.2,-37.9,-35.9,-37.1,-41.6,-45.9,-52.7,-50.3,-46.8,-42.5,-37.9,-34.0,-31.0,-33.9,-37.9,-42.2,-46.4,-49.9,-43.7,-41.6,-39.5,-38.8,-39.8,-41.9,-43.9,-44.7,2.1,3.1,7.0,11.5,13.9,12.9,9.0,4.2,-1.8,0.6,4.0,8.4,12.8,16.3,19.1,17.0,13.8,9.9,5.6,1.5,6.2,8.4,10.2,10.7,9.5,7.4,5.5,5.0,-52.3,-56.7,-58.6,-56.9,-52.7,-48.0,-46.4,-48.0,-51.2,-53.0,-54.3,-55.0,-54.7,-53.4,-51.6,-49.8,-49.0,-48.4,-48.6,-49.4,-50.3,-49.5,-50.4,-52.6,-54.7,-55.6,-54.6,-52.4,-55.6,-60.1,-62.4,-61.2,-57.2,-52.7,-50.4,-51.2,-53.0,-55.7,-57.9,-59.3,-59.2,-58.1,-56.3,-54.7,-53.6,-52.9,-52.5,-52.2,-53.9,-53.3,-54.4,-56.5,-58.5,-59.1,-58.0,-55.8,485.6,485.5,484.6,483.5,482.8,483.2,483.9,485.0,491.0,487.7,484.6,482.6,482.3,483.1,484.4,483.1,482.3,482.8,484.7,487.6,485.4,484.9,484.5,484.4,484.7,485.2,485.7,485.7,478.3,480.1,481.5,481.8,480.8,479.0,477.5,477.3,478.9,478.3,478.0,478.6,480.3,482.9,485.5,482.0,479.0,477.0,476.5,477.4,479.2,479.3,480.0,480.9,481.4,481.3,480.6,479.7,Truthful
23,24,0,0.959,0.98,1,0.053192,0.355931,-0.932997,-0.042545,0.367447,-0.929071,0.006,0.371,553.1,555.8,563.1,570.6,574.1,572.0,564.1,556.5,545.4,549.0,554.7,562.2,570.5,577.4,583.0,577.6,570.3,562.7,555.5,549.7,560.5,564.2,567.8,569.2,567.5,563.7,560.1,558.8,643.2,645.1,652.1,660.2,664.6,662.8,655.8,647.2,636.1,640.4,646.6,654.6,662.5,668.9,673.6,670.1,664.5,657.6,649.7,642.1,650.7,654.6,657.9,658.8,656.6,652.8,649.5,648.6,265.8,257.9,254.3,257.2,264.7,273.2,276.2,273.4,268.8,265.0,262.1,260.4,261.0,263.4,267.1,270.0,271.4,272.4,272.4,271.4,269.4,270.8,269.0,265.1,261.3,259.9,261.7,265.6,258.4,250.7,246.8,249.1,256.2,264.0,267.8,266.3,263.3,258.3,254.2,251.8,252.4,254.7,258.7,260.9,262.1,263.1,263.8,264.4,261.8,262.9,261.0,257.3,253.9,252.9,254.7,258.4,-48.5,-47.0,-42.8,-38.6,-36.6,-37.8,-42.3,-46.6,-53.4,-51.0,-47.5,-43.2,-38.6,-34.7,-31.8,-34.7,-38.7,-42.9,-47.1,-50.6,-44.4,-42.3,-40.2,-39.5,-40.4,-42.6,-44.6,-45.4,1.8,2.8,6.7,11.1,13.6,12.5,8.7,3.9,-2.2,0.2,3.6,8.0,12.4,16.0,18.7,16.6,13.5,9.6,5.3,1.1,5.9,8.0,9.9,10.4,9.2,7.1,5.2,4.7,-52.6,-57.0,-58.9,-57.2,-52.9,-48.3,-46.6,-48.3,-51.5,-53.3,-54.5,-55.3,-54.9,-53.7,-51.7,-50.0,-49.2,-48.7,-48.8,-49.7,-50.6,-49.7,-50.7,-52.9,-55.0,-55.8,-54.9,-52.7,-55.8,-60.2,-62.6,-61.3,-57.3,-52.8,-50.6,-51.4,-53.2,-55.9,-58.0,-59.4,-59.4,-58.4,-56.5,-54.9,-53.8,-53.1,-52.7,-52.4,-54.0,-53.5,-54.6,-56.7,-58.6,-59.2,-58.1,-56.0,488.7,488.4,487.5,486.5,485.9,486.4,487.1,488.1,494.0,490.7,487.6,485.6,485.2,486.1,487.4,486.2,485.4,485.9,487.8,490.6,488.5,488.0,487.6,487.4,487.7,488.2,488.7,488.8,480.5,482.1,483.6,483.9,483.0,481.3,479.9,479.6,481.2,480.5,480.2,480.8,482.6,485.2,487.9,484.4,481.3,479.3,478.8,479.7,481.4,481.6,482.3,483.1,483.5,483.4,482.7,481.9,Truthful
24,25,0,1.001,0.98,1,0.055215,0.352286,-0.934262,-0.051213,0.36067,-0.931286,0.002,0.365,552.2,554.9,562.1,569.8,573.3,571.3,563.3,555.7,544.4,548.0,553.6,561.1,569.4,576.5,582.3,576.9,569.6,561.9,554.6,548.8,559.6,563.4,567.1,568.4,566.6,562.8,559.2,557.8,642.2,644.0,651.1,659.2,663.7,661.9,654.8,646.1,635.3,639.7,645.9,653.9,661.7,668.1,672.9,669.3,663.7,656.7,648.8,641.2,649.7,653.6,657.0,657.8,655.7,651.8,648.4,647.6,266.2,258.3,254.6,257.5,265.1,273.6,276.7,273.9,269.1,265.4,262.6,260.8,261.3,263.6,267.2,270.2,271.7,272.8,272.9,271.8,269.8,271.2,269.4,265.4,261.6,260.2,262.0,266.0,258.7,250.9,247.0,249.3,256.4,264.2,268.1,266.6,263.5,258.5,254.5,252.1,252.6,255.0,258.9,261.2,262.5,263.5,264.1,264.7,262.1,263.2,261.3,257.5,254.2,253.1,255.0,258.7,-48.6,-47.1,-43.0,-38.7,-36.7,-37.8,-42.3,-46.6,-53.5,-51.1,-47.7,-43.4,-38.8,-34.9,-31.9,-34.7,-38.7,-43.0,-47.2,-50.7,-44.5,-42.3,-40.3,-39.5,-40.5,-42.7,-44.7,-45.5,1.2,2.2,6.1,10.6,13.0,12.0,8.1,3.4,-2.6,-0.2,3.2,7.6,12.0,15.5,18.3,16.2,13.0,9.1,4.8,0.7,5.3,7.5,9.3,9.8,8.7,6.5,4.6,4.2,-51.9,-56.2,-58.1,-56.4,-52.2,-47.6,-45.9,-47.6,-50.9,-52.6,-53.8,-54.5,-54.2,-53.0,-51.2,-49.5,-48.5,-48.0,-48.1,-49.0,-49.9,-49.1,-50.0,-52.2,-54.3,-55.2,-54.2,-52.0,-55.5,-60.0,-62.3,-61.1,-57.0,-52.6,-50.3,-51.1,-53.0,-55.6,-57.8,-59.1,-59.1,-58.1,-56.2,-54.6,-53.5,-52.7,-52.3,-52.1,-53.8,-53.2,-54.3,-56.4,-58.4,-58.9,-57.8,-55.7,484.2,483.8,482.8,481.8,481.4,482.0,482.8,483.8,489.7,486.4,483.2,481.1,480.8,481.6,482.9,481.8,481.0,481.6,483.5,486.4,484.1,483.6,483.1,482.9,483.1,483.6,484.1,484.3,479.4,481.1,482.5,482.7,481.8,480.1,478.7,478.5,480.0,479.4,479.1,479.6,481.4,484.0,486.7,483.1,480.1,478.1,477.7,478.6,480.3,480.4,481.1,481.9,482.4,482.3,481.6,480.8,Truthful
25,26,0,1.043,0.98,1,0.0545,0.36071,-0.931084,-0.054697,0.365434,-0.929229,-0.0,0.372,551.4,554.0,561.3,568.9,572.4,570.5,562.5,554.9,543.8,547.3,552.8,560.2,568.5,575.7,581.5,576.2,568.8,561.0,553.8,548.0,558.8,562.6,566.2,567.5,565.8,562.0,558.4,557.1,641.3,643.2,650.3,658.5,662.9,661.0,653.9,645.2,634.6,639.0,645.2,653.2,661.0,667.3,672.1,668.5,662.9,656.0,648.1,640.5,648.9,652.8,656.2,657.1,654.9,651.0,647.6,646.7,266.7,258.7,255.1,257.9,265.6,274.1,277.2,274.4,269.4,265.8,263.0,261.2,261.7,263.9,267.3,270.4,272.1,273.2,273.3,272.2,270.3,271.6,269.8,265.9,262.1,260.7,262.5,266.5,259.0,251.2,247.3,249.6,256.8,264.5,268.4,266.9,263.7,258.7,254.8,252.5,253.0,255.3,259.2,261.5,262.8,263.7,264.4,265.0,262.4,263.5,261.6,257.9,254.5,253.4,255.3,259.0,-49.0,-47.5,-43.4,-39.1,-37.1,-38.2,-42.7,-47.0,-53.8,-51.5,-48.1,-43.8,-39.3,-35.3,-32.2,-35.1,-39.1,-43.4,-47.6,-51.1,-44.8,-42.7,-40.7,-39.9,-40.9,-43.1,-45.1,-45.8,0.7,1.8,5.7,10.2,12.6,11.6,7.6,2.9,-3.0,-0.5,2.9,7.3,11.6,15.1,17.9,15.8,12.6,8.7,4.4,0.3,4.9,7.0,8.9,9.4,8.3,6.1,4.2,3.7,-51.6,-55.9,-57.8,-56.1,-51.9,-47.2,-45.6,-47.3,-50.7,-52.3,-53.5,-54.2,-53.9,-52.8,-51.1,-49.2,-48.3,-47.7,-47.8,-48.8,-49.6,-48.8,-49.7,-51.9,-54.0,-54.8,-53.9,-51.7,-55.5,-59.9,-62.3,-61.0,-56.9,-52.5,-50.2,-51.0,-53.0,-55.6,-57.7,-59.1,-59.0,-58.0,-56.2,-54.5,-53.4,-52.7,-52.3,-52.1,-53.7,-53.1,-54.2,-56.3,-58.3,-58.9,-57.8,-55.6,483.6,483.2,482.1,481.0,480.5,481.2,482.1,483.1,489.2,485.8,482.6,480.5,480.0,480.8,482.1,481.0,480.3,480.9,482.9,485.9,483.4,482.9,482.4,482.1,482.4,482.9,483.5,483.7,480.4,482.2,483.5,483.8,482.7,481.0,479.6,479.5,481.0,480.4,480.1,480.6,482.3,484.9,487.5,484.0,481.0,479.0,478.6,479.5,481.3,481.4,482.1,482.9,483.4,483.3,482.6,481.8,Truthful
26,27,0,1.084,0.98,1,0.050419,0.36425,-0.929935,-0.048438,0.368162,-0.928499,0.001,0.375,550.1,552.8,560.1,567.7,571.2,569.2,561.3,553.6,542.4,546.0,551.6,559.1,567.4,574.6,580.3,575.0,567.6,559.9,552.7,546.8,557.6,561.3,564.9,566.3,564.5,560.7,557.2,555.8,640.1,642.0,649.2,657.4,661.9,660.0,652.8,644.1,633.2,637.6,643.8,651.9,659.8,666.2,671.2,667.4,661.8,654.7,646.7,639.1,647.7,651.7,655.1,656.0,653.9,649.9,646.4,645.5,267.3,259.3,255.7,258.6,266.3,274.8,277.8,274.9,270.0,266.4,263.7,262.0,262.5,264.8,268.3,271.3,272.8,273.9,273.9,272.8,270.8,272.3,270.5,266.5,262.7,261.3,263.1,267.0,259.7,251.9,248.0,250.3,257.4,265.3,269.2,267.7,264.5,259.6,255.6,253.3,253.8,256.1,260.0,262.3,263.6,264.5,265.2,265.8,263.2,264.3,262.4,258.6,255.2,254.1,256.0,259.7,-49.7,-48.2,-44.1,-39.8,-37.8,-39.0,-43.5,-47.8,-54.6,-52.2,-48.8,-44.5,-39.9,-36.0,-32.9,-35.8,-39.8,-44.1,-48.3,-51.8,-45.6,-43.5,-41.4,-40.7,-41.7,-43.8,-45.8,-46.6,0.1,1.1,5.0,9.5,12.0,10.9,7.0,2.2,-3.7,-1.3,2.1,6.5,10.8,14.4,17.2,15.0,11.9,8.0,3.7,-0.5,4.2,6.4,8.3,8.8,7.6,5.4,3.5,3.0,-51.3,-55.7,-57.5,-55.8,-51.5,-47.0,-45.4,-47.0,-50.4,-52.0,-53.2,-53.9,-53.6,-52.4,-50.6,-48.8,-47.9,-47.4,-47.5,-48.5,-49.3,-48.5,-49.4,-51.6,-53.7,-54.5,-53.6,-51.4,-54.6,-59.1,-61.4,-60.2,-56.1,-51.6,-49.4,-50.2,-52.1,-54.7,-56.8,-58.1,-58.0,-57.1,-55.3,-53.6,-52.6,-51.8,-51.4,-51.2,-52.8,-52.2,-53.3,-55.5,-57.4,-58.0,-56.9,-54.8,484.2,483.7,482.7,481.7,481.3,482.0,482.8,483.8,489.7,486.3,483.1,481.0,480.6,481.5,482.9,481.8,481.0,481.6,483.5,486.4,484.1,483.6,483.1,482.9,483.0,483.5,484.1,484.3,476.6,478.3,479.7,479.9,478.8,477.0,475.6,475.6,477.2,476.6,476.3,476.7,478.4,480.9,483.5,480.0,477.0,475.1,474.7,475.7,477.4,477.5,478.1,479.0,479.5,479.4,478.8,477.9,Truthful
27,28,0,1.126,0.98,1,0.048825,0.368209,-0.92846,-0.052105,0.369566,-0.927742,-0.002,0.378,549.2,551.9,559.0,566.5,570.0,568.0,560.1,552.6,541.5,545.0,550.6,558.1,566.4,573.4,579.0,573.6,566.4,558.8,551.7,545.8,556.5,560.2,563.7,565.0,563.4,559.7,556.1,554.8,639.4,641.3,648.4,656.5,660.9,659.0,651.9,643.2,632.4,636.9,643.2,651.2,659.0,665.3,670.0,666.4,660.8,653.8,646.0,638.4,646.9,650.8,654.1,655.1,653.0,649.1,645.7,644.8,268.2,260.4,256.8,259.7,267.3,275.6,278.7,275.8,271.2,267.4,264.5,262.8,263.5,266.0,270.0,272.7,274.0,275.0,275.0,273.9,271.7,273.1,271.4,267.5,263.8,262.4,264.1,268.0,260.6,252.8,249.0,251.4,258.6,266.4,270.2,268.6,265.5,260.6,256.6,254.3,254.8,257.2,261.0,263.3,264.6,265.6,266.2,266.8,264.1,265.2,263.4,259.6,256.2,255.1,256.9,260.6,-50.7,-49.2,-45.1,-40.8,-38.9,-40.1,-44.5,-48.8,-55.6,-53.3,-49.8,-45.5,-40.8,-37.0,-34.0,-36.9,-40.9,-45.1,-49.3,-52.9,-46.6,-44.5,-42.5,-41.8,-42.7,-44.8,-46.8,-47.6,-0.3,0.7,4.6,9.1,11.5,10.4,6.5,1.8,-4.2,-1.7,1.7,6.1,10.4,14.0,16.7,14.6,11.4,7.6,3.3,-0.9,3.8,5.9,7.8,8.3,7.1,5.0,3.1,2.6,-51.3,-55.6,-57.5,-55.8,-51.5,-46.9,-45.3,-47.0,-50.2,-52.0,-53.2,-54.0,-53.5,-52.2,-50.2,-48.6,-47.7,-47.2,-47.4,-48.3,-49.3,-48.5,-49.4,-51.5,-53.6,-54.5,-53.5,-51.4,-54.4,-58.9,-61.2,-59.9,-55.8,-51.3,-49.1,-50.0,-51.8,-54.4,-56.6,-57.9,-57.8,-56.8,-55.0,-53.3,-52.3,-51.6,-51.2,-50.9,-52.6,-52.0,-53.1,-55.2,-57.2,-57.8,-56.7,-54.6,488.9,488.4,487.4,486.4,486.0,486.7,487.5,488.5,494.3,490.9,487.7,485.6,485.2,486.1,487.6,486.5,485.7,486.2,488.1,491.0,488.8,488.3,487.8,487.6,487.8,488.2,488.7,489.0,479.0,480.7,482.1,482.4,481.4,479.8,478.4,478.2,479.6,479.0,478.7,479.2,481.0,483.7,486.4,482.8,479.8,477.8,477.3,478.2,480.0,480.1,480.8,481.6,482.1,481.9,481.2,480.4,Truthful
28,29,0,1.168,0.98,1,0.045033,0.361629,-0.931234,-0.050095,0.364009,-0.930047,-0.003,0.372,548.2,550.9,558.1,565.6,569.1,567.1,559.3,551.7,540.5,544.0,549.7,557.3,565.6,572.7,578.3,572.9,565.7,558.1,550.9,544.9,555.6,559.3,562.9,564.2,562.4,558.7,555.2,553.9,638.4,640.3,647.4,655.6,660.0,658.0,650.9,642.3,631.4,635.9,642.1,650.1,658.0,664.3,669.1,665.4,659.9,652.8,645.0,637.4,645.9,649.8,653.2,654.1,652.0,648.1,644.7,643.8,269.1,261.2,257.6,260.5,268.0,276.4,279.5,276.6,272.1,268.2,265.3,263.5,264.2,266.9,270.9,273.5,274.8,275.8,275.8,274.7,272.6,274.0,272.2,268.3,264.6,263.2,264.9,268.8,261.6,253.8,250.0,252.3,259.5,267.3,271.2,269.6,266.6,261.6,257.6,255.2,255.8,258.1,262.0,264.3,265.6,266.6,267.2,267.8,265.1,266.2,264.4,260.6,257.2,256.0,257.9,261.6,-51.1,-49.6,-45.5,-41.2,-39.2,-40.4,-44.8,-49.1,-56.0,-53.6,-50.1,-45.7,-41.1,-37.3,-34.3,-37.2,-41.1,-45.3,-49.5,-53.2,-47.0,-44.9,-42.8,-42.1,-43.1,-45.2,-47.2,-47.9,-0.9,0.2,4.1,8.6,11.0,9.9,6.0,1.2,-4.7,-2.3,1.2,5.5,9.9,13.4,16.2,14.0,10.9,7.0,2.7,-1.4,3.2,5.4,7.3,7.8,6.6,4.5,2.6,2.1,-50.6,-54.9,-56.8,-55.1,-50.9,-46.3,-44.7,-46.4,-49.5,-51.3,-52.6,-53.3,-52.9,-51.6,-49.5,-47.9,-47.1,-46.6,-46.8,-47.7,-48.7,-47.8,-48.8,-50.9,-53.0,-53.8,-52.9,-50.8,-53.8,-58.3,-60.6,-59.3,-55.2,-50.8,-48.5,-49.4,-51.2,-53.9,-56.0,-57.3,-57.3,-56.3,-54.4,-52.8,-51.7,-51.0,-50.6,-50.3,-52.0,-51.4,-52.5,-54.7,-56.6,-57.2,-56.1,-54.0,487.0,486.5,485.5,484.6,484.3,484.9,485.7,486.6,492.4,489.1,485.9,483.8,483.5,484.5,486.0,484.9,484.1,484.5,486.3,489.2,486.9,486.5,486.0,485.8,486.0,486.4,486.9,487.1,478.7,480.3,481.7,482.0,481.0,479.3,478.0,477.8,479.3,478.7,478.3,478.8,480.6,483.2,485.9,482.4,479.3,477.4,477.0,477.8,479.6,479.7,480.4,481.2,481.7,481.5,480.9,480.1,Truthful
29,30,0,1.21,0.98,1,0.036158,0.362658,-0.931221,-0.051854,0.369052,-0.927961,-0.008,0.375,547.6,550.2,557.4,565.0,568.5,566.6,558.7,551.1,539.8,543.5,549.2,556.8,565.0,572.2,577.9,572.7,565.4,557.8,550.4,544.3,555.0,558.7,562.2,563.5,561.8,558.1,554.5,553.3,637.9,639.7,646.7,654.8,659.2,657.4,650.4,641.8,630.8,635.3,641.6,649.6,657.4,663.6,668.2,664.8,659.4,652.4,644.6,636.9,645.3,649.1,652.5,653.4,651.2,647.4,644.0,643.2,269.8,261.9,258.2,261.0,268.5,276.9,280.0,277.3,272.6,268.9,265.9,264.1,264.7,267.2,270.9,273.9,275.4,276.5,276.6,275.5,273.2,274.5,272.7,268.9,265.2,263.8,265.6,269.5,262.3,254.5,250.7,253.0,260.2,268.0,271.8,270.2,267.1,262.1,258.1,255.7,256.4,258.8,262.8,265.1,266.3,267.2,267.8,268.4,265.7,266.9,265.0,261.3,257.9,256.7,258.6,262.3,-51.4,-49.9,-45.8,-41.5,-39.6,-40.7,-45.1,-49.4,-56.4,-53.9,-50.4,-46.0,-41.4,-37.6,-34.5,-37.3,-41.2,-45.5,-49.8,-53.5,-47.3,-45.2,-43.2,-42.5,-43.4,-45.5,-47.5,-48.3,-1.2,-0.2,3.7,8.1,10.5,9.5,5.7,1.0,-5.0,-2.5,0.9,5.3,9.5,13.0,15.6,13.6,10.6,6.8,2.5,-1.7,2.9,5.0,6.8,7.3,6.2,4.0,2.2,1.7,-50.2,-54.5,-56.5,-54.8,-50.6,-46.0,-44.4,-46.0,-49.1,-50.9,-52.2,-53.0,-52.6,-51.4,-49.5,-47.7,-46.8,-46.2,-46.3,-47.2,-48.3,-47.5,-48.5,-50.6,-52.6,-53.4,-52.5,-50.4,-53.3,-57.7,-60.0,-58.8,-54.7,-50.3,-48.0,-48.9,-50.7,-53.4,-55.6,-56.9,-56.8,-55.7,-53.9,-52.2,-51.2,-50.5,-50.1,-49.9,-51.5,-50.9,-52.0,-54.1,-56.1,-56.7,-55.6,-53.4,486.8,486.4,485.5,484.6,484.2,484.8,485.5,486.4,492.2,488.9,485.7,483.7,483.6,484.5,486.1,484.8,483.9,484.3,486.1,488.9,486.8,486.3,485.9,485.7,485.9,486.3,486.8,487.0,477.1,478.8,480.3,480.7,479.8,478.1,476.6,476.3,477.6,477.1,476.8,477.5,479.5,482.2,485.0,481.4,478.2,476.1,475.5,476.2,478.2,478.4,479.1,479.9,480.3,480.1,479.4,478.6,Truthful
30,31,0,1.251,0.98,1,0.03385,0.355225,-0.934168,-0.049072,0.366136,-0.929267,-0.008,0.369,547.0,549.6,556.7,564.3,567.8,565.9,558.1,550.5,539.3,542.9,548.6,556.1,564.4,571.5,577.1,571.8,564.5,556.9,549.7,543.7,554.4,558.1,561.6,562.8,561.1,557.4,554.0,552.7,637.3,639.2,646.3,654.5,658.8,656.9,649.8,641.1,630.3,634.8,641.1,649.1,656.8,663.1,667.8,664.1,658.6,651.6,643.8,636.3,644.7,648.7,652.1,653.0,650.9,646.9,643.5,642.6,270.0,262.2,258.5,261.3,268.8,277.2,280.3,277.5,273.0,269.2,266.3,264.6,265.2,267.7,271.4,274.3,275.8,276.9,276.9,275.8,273.4,274.7,273.0,269.1,265.5,264.1,265.9,269.7,262.6,254.7,250.8,253.2,260.5,268.4,272.3,270.7,267.4,262.3,258.3,256.1,256.7,259.0,262.8,265.2,266.6,267.6,268.2,268.7,266.1,267.3,265.4,261.6,258.1,256.9,258.8,262.6,-51.8,-50.3,-46.2,-42.0,-40.0,-41.1,-45.5,-49.8,-56.7,-54.3,-50.8,-46.4,-41.8,-38.0,-34.9,-37.8,-41.8,-46.0,-50.2,-53.9,-47.7,-45.6,-43.6,-42.9,-43.8,-45.9,-47.9,-48.6,-1.5,-0.4,3.5,8.0,10.4,9.3,5.4,0.6,-5.3,-2.8,0.6,5.0,9.3,12.8,15.5,13.3,10.2,6.3,2.1,-2.0,2.6,4.7,6.6,7.2,6.0,3.8,1.9,1.4,-50.1,-54.4,-56.3,-54.7,-50.5,-45.9,-44.3,-45.9,-49.0,-50.8,-52.0,-52.8,-52.4,-51.2,-49.3,-47.5,-46.6,-46.1,-46.2,-47.1,-48.2,-47.4,-48.4,-50.5,-52.5,-53.3,-52.4,-50.3,-53.3,-57.8,-60.1,-58.8,-54.7,-50.2,-48.0,-48.8,-50.8,-53.5,-55.6,-56.9,-56.8,-55.8,-54.0,-52.3,-51.2,-50.5,-50.1,-49.9,-51.5,-50.9,-52.0,-54.2,-56.2,-56.8,-55.7,-53.5,487.4,486.9,485.9,484.9,484.5,485.2,486.0,487.0,492.8,489.4,486.2,484.1,483.8,484.8,486.2,485.1,484.3,484.8,486.6,489.5,487.2,486.8,486.3,486.1,486.3,486.8,487.2,487.4,479.0,480.5,481.9,482.3,481.5,479.9,478.5,478.2,479.6,478.9,478.6,479.1,480.9,483.6,486.3,482.8,479.8,477.8,477.3,478.2,480.0,480.2,480.8,481.6,482.0,481.8,481.2,480.4,Truthful
31,32,0,1.293,0.98,1,0.04606,0.363632,-0.930403,-0.046177,0.369606,-0.928041,-0.0,0.376,546.7,549.3,556.6,564.2,567.7,565.7,557.8,550.2,538.8,542.5,548.2,555.8,564.0,571.1,576.7,571.4,564.2,556.5,549.2,543.2,554.1,557.8,561.3,562.6,560.9,557.2,553.7,552.4,636.8,638.8,646.0,654.1,658.5,656.5,649.4,640.7,629.9,634.3,640.5,648.5,656.4,662.8,667.6,663.8,658.2,651.1,643.3,635.8,644.3,648.3,651.7,652.6,650.5,646.6,643.2,642.2,270.1,262.2,258.6,261.4,269.0,277.5,280.5,277.7,273.0,269.3,266.5,264.8,265.5,267.9,271.7,274.5,275.9,276.9,276.9,275.8,273.6,274.9,273.2,269.3,265.6,264.3,266.0,269.9,262.6,254.8,251.0,253.4,260.7,268.5,272.3,270.6,267.8,262.6,258.6,256.3,256.8,259.3,263.2,265.4,266.6,267.6,268.3,268.9,266.2,267.3,265.5,261.7,258.3,257.1,259.0,262.7,-52.0,-50.4,-46.3,-42.0,-40.1,-41.2,-45.7,-50.0,-57.0,-54.5,-51.0,-46.6,-42.0,-38.2,-35.2,-38.0,-42.0,-46.3,-50.5,-54.1,-47.8,-45.7,-43.7,-43.0,-44.0,-46.1,-48.0,-48.8,-1.7,-0.7,3.3,7.8,10.2,9.1,5.1,0.4,-5.5,-3.1,0.3,4.7,9.0,12.6,15.3,13.1,10.0,6.1,1.8,-2.3,2.4,4.5,6.4,7.0,5.8,3.6,1.7,1.2,-50.0,-54.4,-56.3,-54.6,-50.4,-45.8,-44.1,-45.8,-49.0,-50.7,-51.9,-52.7,-52.3,-51.0,-49.1,-47.4,-46.5,-46.0,-46.2,-47.1,-48.1,-47.3,-48.3,-50.4,-52.4,-53.2,-52.3,-50.2,-53.3,-57.8,-60.1,-58.8,-54.7,-50.2,-48.0,-48.9,-50.6,-53.3,-55.5,-56.8,-56.7,-55.7,-53.8,-52.2,-51.2,-50.5,-50.1,-49.8,-51.5,-50.9,-52.0,-54.1,-56.1,-56.7,-55.6,-53.4,487.3,486.9,485.9,485.0,484.7,485.3,486.0,486.9,492.6,489.3,486.1,484.1,483.9,484.8,486.3,485.2,484.3,484.7,486.5,489.4,487.2,486.8,486.3,486.2,486.3,486.8,487.2,487.4,479.3,481.0,482.4,482.6,481.6,479.9,478.5,478.4,479.8,479.2,478.9,479.3,481.0,483.6,486.2,482.8,479.8,477.9,477.5,478.4,480.2,480.3,481.0,481.8,482.3,482.2,481.5,480.7,Truthful
32,33,0,1.335,0.98,1,0.050884,0.35931,-0.93183,-0.045506,0.365688,-0.929624,0.003,0.371,546.5,549.1,556.4,564.1,567.6,565.6,557.6,550.0,538.5,542.2,548.0,555.5,563.9,571.0,576.7,571.4,564.1,556.3,549.0,542.9,553.9,557.7,561.3,562.5,560.8,557.1,553.5,552.2,636.6,638.5,645.6,653.8,658.2,656.4,649.3,640.5,629.5,634.0,640.3,648.3,656.2,662.5,667.3,663.7,658.1,651.1,643.2,635.6,644.1,648.1,651.5,652.3,650.2,646.3,642.9,642.0,270.3,262.3,258.7,261.5,269.1,277.6,280.7,277.9,273.1,269.5,266.6,264.9,265.5,267.9,271.5,274.4,275.9,277.0,277.0,275.9,273.8,275.2,273.4,269.5,265.7,264.3,266.1,270.0,262.7,254.8,251.0,253.3,260.5,268.4,272.2,270.6,267.7,262.7,258.6,256.2,256.8,259.2,263.0,265.3,266.6,267.6,268.2,268.9,266.1,267.3,265.4,261.6,258.2,257.1,258.9,262.7,-51.7,-50.2,-46.0,-41.7,-39.8,-40.9,-45.4,-49.7,-56.7,-54.3,-50.7,-46.4,-41.8,-37.9,-34.9,-37.7,-41.7,-46.0,-50.2,-53.9,-47.5,-45.4,-43.4,-42.7,-43.6,-45.8,-47.8,-48.5,-1.8,-0.8,3.1,7.5,10.0,8.9,5.0,0.3,-5.7,-3.3,0.1,4.5,8.8,12.4,15.1,13.0,9.9,6.0,1.7,-2.4,2.3,4.4,6.3,6.8,5.6,3.4,1.6,1.1,-49.5,-53.9,-55.8,-54.1,-49.9,-45.3,-43.6,-45.3,-48.5,-50.2,-51.5,-52.2,-51.8,-50.6,-48.8,-47.0,-46.2,-45.6,-45.8,-46.7,-47.6,-46.8,-47.8,-49.9,-52.0,-52.8,-51.8,-49.7,-53.0,-57.4,-59.7,-58.5,-54.4,-49.9,-47.7,-48.5,-50.3,-53.0,-55.1,-56.5,-56.4,-55.4,-53.6,-51.9,-50.9,-50.2,-49.7,-49.5,-51.2,-50.6,-51.7,-53.8,-55.8,-56.3,-55.3,-53.1,483.2,482.9,481.9,481.0,480.6,481.2,481.9,482.8,488.7,485.4,482.3,480.2,479.9,480.8,482.3,481.1,480.3,480.7,482.5,485.4,483.2,482.7,482.3,482.1,482.3,482.8,483.2,483.4,476.1,477.8,479.2,479.6,478.6,476.9,475.5,475.2,476.7,476.1,475.8,476.4,478.2,480.9,483.6,480.0,476.9,474.9,474.4,475.2,477.1,477.2,477.9,478.7,479.2,479.0,478.3,477.5,Truthful
33,34,0,1.376,0.98,1,0.052296,0.354798,-0.933479,-0.04682,0.359334,-0.932034,0.003,0.366,546.3,549.0,556.3,563.9,567.5,565.4,557.5,549.8,538.2,542.0,547.8,555.4,563.7,570.9,576.6,571.3,564.0,556.3,548.9,542.7,553.8,557.5,561.1,562.4,560.6,556.9,553.3,552.0,636.3,638.1,645.3,653.5,658.0,656.1,649.0,640.2,629.2,633.7,640.1,648.1,655.9,662.2,667.0,663.4,657.8,650.8,642.9,635.2,643.8,647.8,651.1,652.0,649.9,646.0,642.6,641.7,270.3,262.4,258.8,261.6,269.3,277.7,280.8,278.0,273.2,269.5,266.7,265.0,265.6,267.9,271.5,274.4,275.9,277.0,277.0,275.9,273.8,275.2,273.4,269.5,265.8,264.5,266.2,270.1,262.5,254.7,250.8,253.2,260.4,268.2,272.1,270.5,267.5,262.5,258.5,256.1,256.6,259.0,262.8,265.2,266.5,267.5,268.1,268.8,266.0,267.1,265.2,261.5,258.1,257.0,258.8,262.5,-51.9,-50.4,-46.2,-41.9,-40.0,-41.1,-45.6,-49.9,-57.0,-54.5,-50.9,-46.6,-42.0,-38.1,-35.1,-37.9,-41.8,-46.1,-50.4,-54.1,-47.8,-45.7,-43.7,-42.9,-43.9,-46.0,-48.0,-48.7,-2.0,-1.0,2.9,7.4,9.8,8.8,4.9,0.1,-5.9,-3.4,0.0,4.4,8.7,12.2,14.9,12.8,9.7,5.8,1.6,-2.6,2.1,4.2,6.1,6.6,5.4,3.3,1.4,0.9,-49.7,-54.0,-55.9,-54.2,-50.0,-45.4,-43.8,-45.4,-48.6,-50.3,-51.6,-52.3,-52.0,-50.8,-48.9,-47.2,-46.3,-45.8,-45.9,-46.8,-47.7,-46.9,-47.9,-50.0,-52.1,-52.9,-51.9,-49.8,-53.0,-57.4,-59.7,-58.5,-54.4,-50.0,-47.7,-48.5,-50.3,-53.0,-55.1,-56.5,-56.4,-55.4,-53.6,-52.0,-50.9,-50.2,-49.7,-49.5,-51.2,-50.6,-51.7,-53.8,-55.7,-56.3,-55.2,-53.1,484.6,484.3,483.4,482.6,482.2,482.8,483.4,484.3,490.1,486.8,483.7,481.7,481.5,482.5,484.0,482.8,481.9,482.2,483.9,486.8,484.7,484.3,483.8,483.7,483.8,484.3,484.7,484.8,475.4,477.2,478.6,478.9,477.9,476.2,474.7,474.5,476.0,475.4,475.2,475.7,477.5,480.2,482.9,479.3,476.2,474.2,473.7,474.6,476.4,476.5,477.2,478.0,478.5,478.4,477.7,476.9,Truthful
34,35,0,1.418,0.98,1,0.053055,0.353142,-0.934064,-0.039635,0.360534,-0.931903,0.007,0.365,546.2,548.9,556.2,563.8,567.3,565.3,557.4,549.8,538.2,542.0,547.8,555.4,563.7,570.7,576.3,571.1,563.8,556.1,548.8,542.7,553.7,557.4,560.9,562.2,560.5,556.8,553.2,552.0,636.2,638.0,645.1,653.3,657.8,655.9,648.8,640.1,628.8,633.5,639.9,647.9,655.7,662.0,666.7,663.2,657.6,650.5,642.6,634.8,643.7,647.6,650.9,651.8,649.7,645.8,642.5,641.6,270.4,262.5,258.9,261.7,269.3,277.7,280.8,278.0,273.3,269.6,266.8,265.1,265.6,268.0,271.6,274.5,276.0,277.0,277.1,276.0,273.9,275.2,273.5,269.6,265.9,264.6,266.3,270.2,262.6,254.7,250.8,253.1,260.4,268.2,272.1,270.6,267.5,262.5,258.5,256.1,256.6,259.0,262.8,265.2,266.5,267.5,268.2,268.8,265.9,267.0,265.2,261.5,258.1,257.0,258.8,262.5,-52.2,-50.7,-46.6,-42.3,-40.3,-41.5,-45.9,-50.3,-57.3,-54.8,-51.3,-46.9,-42.3,-38.4,-35.4,-38.3,-42.2,-46.5,-50.7,-54.4,-48.1,-46.0,-44.0,-43.3,-44.2,-46.3,-48.4,-49.1,-2.1,-1.1,2.8,7.3,9.7,8.7,4.8,0.1,-6.1,-3.5,-0.1,4.3,8.5,12.1,14.7,12.7,9.6,5.7,1.4,-2.8,2.0,4.1,5.9,6.4,5.3,3.2,1.4,0.9,-49.9,-54.3,-56.2,-54.5,-50.3,-45.7,-44.0,-45.7,-48.9,-50.6,-51.8,-52.6,-52.2,-51.0,-49.2,-47.5,-46.6,-46.0,-46.1,-47.0,-48.0,-47.2,-48.1,-50.3,-52.4,-53.2,-52.2,-50.1,-52.9,-57.3,-59.6,-58.4,-54.4,-49.9,-47.6,-48.4,-50.3,-52.9,-55.0,-56.4,-56.3,-55.4,-53.6,-51.9,-50.8,-50.1,-49.6,-49.4,-51.1,-50.6,-51.6,-53.7,-55.6,-56.2,-55.1,-53.0,487.7,487.3,486.4,485.6,485.2,485.8,486.4,487.3,492.9,489.7,486.6,484.6,484.5,485.5,487.0,485.7,484.8,485.1,486.9,489.7,487.7,487.2,486.8,486.7,486.8,487.3,487.7,487.8,474.7,476.4,477.8,478.2,477.3,475.6,474.2,473.9,475.4,474.7,474.5,475.1,476.9,479.7,482.4,478.8,475.7,473.6,473.1,473.9,475.7,475.9,476.6,477.4,477.8,477.6,477.0,476.2,Truthful
35,36,0,1.46,0.98,1,0.057441,0.358586,-0.931728,-0.043255,0.357655,-0.932852,0.008,0.367,546.3,549.0,556.3,564.0,567.5,565.5,557.5,549.9,538.1,542.0,547.9,555.5,563.7,570.8,576.5,571.3,564.1,556.3,548.9,542.7,553.8,557.5,561.1,562.4,560.7,556.9,553.3,552.0,636.2,638.0,645.1,653.3,657.8,655.9,648.8,640.1,628.9,633.5,639.9,647.9,655.7,662.1,666.8,663.2,657.7,650.6,642.6,635.0,643.7,647.6,650.9,651.8,649.7,645.8,642.5,641.6,270.7,262.8,259.1,261.9,269.5,278.0,281.0,278.2,273.4,269.8,267.0,265.3,265.9,268.2,271.7,274.6,276.1,277.1,277.2,276.1,274.1,275.5,273.7,269.8,266.1,264.8,266.6,270.4,262.5,254.7,250.8,253.2,260.4,268.2,272.1,270.5,267.5,262.5,258.6,256.2,256.7,259.0,262.8,265.2,266.5,267.5,268.2,268.8,265.9,267.1,265.2,261.5,258.1,257.0,258.8,262.5,-52.1,-50.6,-46.5,-42.2,-40.2,-41.3,-45.8,-50.1,-57.4,-54.8,-51.2,-46.8,-42.2,-38.4,-35.3,-38.1,-42.0,-46.3,-50.6,-54.4,-48.0,-45.9,-43.9,-43.1,-44.1,-46.2,-48.3,-49.0,-2.1,-1.1,2.8,7.3,9.7,8.7,4.8,0.0,-6.0,-3.5,-0.1,4.3,8.6,12.1,14.8,12.7,9.6,5.7,1.4,-2.7,2.0,4.1,6.0,6.5,5.3,3.2,1.4,0.9,-49.7,-54.1,-56.0,-54.4,-50.1,-45.5,-43.8,-45.5,-48.8,-50.4,-51.7,-52.4,-52.1,-50.9,-49.1,-47.4,-46.5,-45.9,-46.0,-46.9,-47.8,-47.0,-48.0,-50.1,-52.2,-53.0,-52.0,-49.9,-53.0,-57.5,-59.8,-58.5,-54.5,-50.0,-47.8,-48.6,-50.4,-53.0,-55.2,-56.5,-56.5,-55.5,-53.7,-52.0,-51.0,-50.2,-49.8,-49.6,-51.3,-50.7,-51.8,-53.9,-55.8,-56.4,-55.3,-53.2,487.1,486.8,486.0,485.2,484.8,485.3,485.9,486.7,492.4,489.2,486.2,484.3,484.2,485.2,486.7,485.4,484.4,484.7,486.4,489.2,487.2,486.8,486.4,486.2,486.4,486.8,487.2,487.4,476.1,477.8,479.3,479.6,478.7,477.0,475.5,475.3,476.8,476.2,475.9,476.4,478.3,481.0,483.7,480.1,477.0,475.0,474.5,475.4,477.1,477.3,478.0,478.8,479.2,479.1,478.4,477.6,Truthful
36,37,0,1.502,0.98,1,0.056894,0.353484,-0.933709,-0.043314,0.358082,-0.932685,0.007,0.364,546.4,549.1,556.4,564.1,567.6,565.6,557.6,550.0,538.1,542.1,548.0,555.6,563.8,570.9,576.6,571.4,564.1,556.4,548.9,542.7,553.9,557.6,561.2,562.5,560.8,557.0,553.4,552.1,636.3,638.2,645.3,653.5,658.0,656.2,649.0,640.3,629.2,633.7,640.0,648.0,655.8,662.3,667.2,663.5,657.8,650.6,642.7,635.1,644.0,647.8,651.2,652.1,649.9,646.1,642.7,641.8,270.8,262.9,259.2,261.9,269.5,277.9,281.1,278.3,273.5,269.8,267.0,265.3,265.9,268.2,271.7,274.7,276.1,277.2,277.3,276.3,274.2,275.6,273.8,269.9,266.2,264.8,266.6,270.5,262.8,255.0,251.1,253.3,260.5,268.3,272.3,270.8,267.8,262.8,258.7,256.4,256.9,259.2,263.0,265.3,266.7,267.7,268.4,269.1,266.2,267.3,265.4,261.7,258.3,257.2,259.1,262.8,-51.9,-50.4,-46.3,-42.0,-40.0,-41.1,-45.6,-49.9,-57.2,-54.6,-51.0,-46.6,-42.0,-38.2,-35.2,-37.9,-41.9,-46.2,-50.5,-54.2,-47.8,-45.7,-43.7,-42.9,-43.9,-46.0,-48.1,-48.8,-2.0,-1.0,2.9,7.4,9.9,8.8,4.9,0.2,-5.9,-3.5,-0.0,4.3,8.7,12.3,15.0,12.9,9.7,5.8,1.5,-2.7,2.2,4.3,6.1,6.6,5.5,3.3,1.5,1.0,-49.5,-53.9,-55.8,-54.2,-50.0,-45.4,-43.7,-45.3,-48.5,-50.3,-51.5,-52.3,-51.9,-50.7,-49.0,-47.2,-46.3,-45.7,-45.8,-46.7,-47.6,-46.8,-47.8,-49.9,-52.0,-52.8,-51.8,-49.7,-52.9,-57.4,-59.7,-58.5,-54.5,-50.0,-47.7,-48.5,-50.3,-53.0,-55.1,-56.5,-56.4,-55.4,-53.7,-52.0,-50.9,-50.1,-49.7,-49.5,-51.2,-50.6,-51.7,-53.9,-55.8,-56.3,-55.2,-53.1,485.6,485.4,484.7,483.9,483.4,483.8,484.3,485.2,491.1,487.8,484.8,482.9,482.8,483.8,485.3,483.9,482.9,483.2,484.9,487.7,485.7,485.2,484.9,484.8,485.0,485.4,485.8,485.9,476.7,478.4,479.8,480.1,479.1,477.4,476.0,475.8,477.5,476.8,476.4,476.9,478.6,481.2,483.9,480.3,477.3,475.4,475.0,476.0,477.6,477.8,478.4,479.2,479.7,479.6,478.9,478.1,Truthful
37,38,0,1.543,0.98,1,0.054041,0.360326,-0.93126,-0.04646,0.36093,-0.931435,0.004,0.369,546.8,549.4,556.7,564.3,567.9,566.0,558.1,550.4,538.8,542.5,548.3,555.9,564.2,571.3,577.0,571.7,564.4,556.7,549.3,543.2,554.3,558.0,561.6,562.8,561.1,557.4,553.8,552.6,636.4,638.3,645.4,653.7,658.2,656.4,649.2,640.5,629.4,633.9,640.1,648.1,656.0,662.5,667.5,663.7,658.0,650.9,643.0,635.4,644.1,648.0,651.5,652.3,650.2,646.2,642.8,641.9,270.9,262.9,259.2,262.0,269.7,278.1,281.3,278.5,273.2,269.7,267.0,265.4,266.0,268.3,271.9,274.9,276.3,277.4,277.3,276.1,274.3,275.6,273.8,269.9,266.2,264.9,266.7,270.5,263.0,255.1,251.2,253.4,260.6,268.4,272.3,270.9,267.8,262.8,258.7,256.4,256.9,259.2,263.0,265.3,266.7,267.7,268.4,269.1,266.3,267.4,265.5,261.8,258.4,257.3,259.2,262.9,-51.7,-50.2,-46.1,-41.8,-39.8,-40.9,-45.3,-49.7,-56.8,-54.3,-50.7,-46.4,-41.8,-37.9,-34.9,-37.7,-41.7,-46.0,-50.2,-53.9,-47.5,-45.4,-43.4,-42.7,-43.7,-45.8,-47.8,-48.5,-1.9,-0.9,3.0,7.5,10.0,8.9,5.0,0.3,-5.8,-3.3,0.1,4.4,8.7,12.4,15.2,13.0,9.8,5.9,1.6,-2.5,2.2,4.4,6.3,6.8,5.6,3.4,1.5,1.0,-49.4,-53.8,-55.7,-54.1,-49.8,-45.2,-43.6,-45.2,-48.7,-50.3,-51.5,-52.1,-51.8,-50.6,-48.8,-47.0,-46.1,-45.6,-45.8,-46.8,-47.6,-46.8,-47.7,-49.8,-51.9,-52.7,-51.8,-49.6,-52.8,-57.3,-59.6,-58.4,-54.4,-49.9,-47.6,-48.4,-50.2,-52.9,-55.1,-56.4,-56.4,-55.4,-53.6,-51.9,-50.8,-50.1,-49.7,-49.4,-51.1,-50.5,-51.6,-53.8,-55.7,-56.3,-55.1,-53.0,485.3,484.8,483.9,483.0,482.7,483.5,484.2,485.1,490.7,487.3,484.2,482.2,482.0,482.9,484.4,483.3,482.4,482.8,484.6,487.5,485.4,484.9,484.5,484.2,484.4,484.8,485.2,485.5,476.4,478.2,479.6,479.8,478.7,476.9,475.5,475.4,477.1,476.5,476.1,476.6,478.2,480.7,483.3,479.8,476.8,474.9,474.5,475.5,477.3,477.4,478.0,478.9,479.4,479.3,478.6,477.8,Truthful
38,39,0,1.585,0.98,1,0.051463,0.354325,-0.933705,-0.041907,0.359964,-0.932024,0.005,0.366,547.3,549.9,557.2,564.8,568.2,566.3,558.3,550.8,539.2,543.0,548.8,556.4,564.7,571.7,577.3,572.1,564.8,557.1,549.7,543.7,554.7,558.4,561.9,563.2,561.5,557.8,554.3,553.0,637.1,639.0,646.1,654.2,658.7,656.8,649.7,641.0,629.8,634.4,640.6,648.7,656.5,663.0,667.9,664.1,658.4,651.3,643.4,635.8,644.7,648.6,651.9,652.8,650.7,646.8,643.4,642.5,270.7,262.8,259.2,262.0,269.5,277.9,281.0,278.2,273.4,269.8,267.0,265.3,266.0,268.4,272.0,274.9,276.3,277.3,277.3,276.2,274.1,275.5,273.7,269.9,266.2,264.8,266.6,270.4,262.8,254.9,250.9,253.2,260.4,268.3,272.2,270.7,267.6,262.6,258.6,256.3,256.7,259.0,262.7,265.1,266.6,267.6,268.3,268.9,266.1,267.2,265.3,261.5,258.1,257.1,259.0,262.7,-51.6,-50.1,-46.0,-41.7,-39.7,-40.9,-45.3,-49.6,-56.7,-54.2,-50.7,-46.2,-41.7,-37.8,-34.8,-37.6,-41.6,-45.9,-50.2,-53.8,-47.5,-45.4,-43.4,-42.6,-43.6,-45.7,-47.7,-48.4,-1.6,-0.6,3.3,7.8,10.3,9.2,5.3,0.6,-5.6,-3.1,0.4,4.7,9.1,12.7,15.5,13.3,10.1,6.1,1.8,-2.3,2.6,4.7,6.5,7.0,5.9,3.7,1.9,1.4,-49.7,-54.1,-56.0,-54.3,-50.1,-45.5,-43.8,-45.5,-48.7,-50.4,-51.7,-52.4,-52.0,-50.8,-48.9,-47.2,-46.3,-45.8,-45.9,-46.8,-47.8,-47.0,-47.9,-50.1,-52.1,-52.9,-52.0,-49.9,-53.1,-57.6,-60.0,-58.8,-54.7,-50.2,-47.9,-48.7,-50.6,-53.2,-55.4,-56.7,-56.6,-55.7,-54.0,-52.2,-51.1,-50.4,-49.9,-49.7,-51.4,-50.8,-51.9,-54.1,-56.0,-56.6,-55.5,-53.3,486.9,486.6,485.7,484.8,484.4,484.9,485.6,486.5,492.4,489.0,485.9,483.9,483.7,484.7,486.1,484.9,484.0,484.4,486.2,489.0,486.9,486.4,486.0,485.9,486.1,486.5,486.9,487.1,478.3,479.9,481.2,481.4,480.5,478.9,477.6,477.5,479.1,478.4,477.9,478.3,480.0,482.6,485.3,481.8,478.8,476.9,476.6,477.6,479.2,479.3,479.9,480.7,481.2,481.0,480.4,479.7,Truthful
39,40,0,1.627,0.98,1,0.047784,0.358633,-0.932255,-0.042299,0.360583,-0.931768,0.003,0.368,547.7,550.3,557.6,565.2,568.7,566.7,558.8,551.2,539.8,543.5,549.2,556.7,565.0,572.1,577.8,572.6,565.3,557.6,550.3,544.2,555.1,558.8,562.3,563.6,561.9,558.2,554.7,553.4,637.4,639.3,646.4,654.6,659.1,657.3,650.2,641.4,630.1,634.6,640.9,648.9,656.9,663.4,668.4,664.7,658.9,651.7,643.7,636.1,645.1,648.9,652.3,653.1,651.0,647.2,643.8,643.0,270.5,262.6,259.0,261.8,269.4,277.8,280.9,278.1,273.3,269.6,266.8,265.1,265.7,268.1,271.7,274.6,276.1,277.2,277.2,276.1,273.9,275.3,273.5,269.7,266.0,264.6,266.4,270.3,262.6,254.8,250.9,253.2,260.3,268.0,272.0,270.5,267.5,262.6,258.5,256.1,256.6,258.9,262.7,265.0,266.3,267.3,268.1,268.8,265.9,266.9,265.1,261.5,258.2,257.1,258.9,262.6,-51.3,-49.8,-45.7,-41.4,-39.4,-40.6,-45.0,-49.3,-56.3,-53.9,-50.3,-46.0,-41.4,-37.5,-34.5,-37.3,-41.3,-45.5,-49.8,-53.5,-47.2,-45.1,-43.1,-42.4,-43.3,-45.4,-47.4,-48.1,-1.4,-0.4,3.5,8.0,10.4,9.4,5.5,0.8,-5.4,-2.9,0.5,4.9,9.2,12.9,15.7,13.5,10.3,6.4,2.0,-2.1,2.8,4.9,6.7,7.2,6.0,3.9,2.1,1.6,-49.7,-54.1,-56.0,-54.3,-50.1,-45.5,-43.8,-45.5,-48.8,-50.5,-51.7,-52.4,-52.1,-50.8,-49.0,-47.2,-46.3,-45.8,-45.9,-46.9,-47.8,-47.0,-48.0,-50.1,-52.1,-52.9,-52.0,-49.9,-53.0,-57.4,-59.8,-58.5,-54.5,-50.1,-47.8,-48.6,-50.4,-53.0,-55.2,-56.6,-56.5,-55.5,-53.7,-52.1,-51.0,-50.3,-49.8,-49.5,-51.3,-50.7,-51.8,-53.9,-55.8,-56.3,-55.2,-53.2,486.4,486.0,485.0,484.1,483.7,484.3,485.1,486.0,491.8,488.4,485.3,483.3,483.0,484.0,485.4,484.3,483.4,483.8,485.6,488.5,486.3,485.9,485.4,485.2,485.4,485.9,486.3,486.5,476.1,477.8,479.2,479.4,478.3,476.6,475.2,475.1,476.8,476.2,475.9,476.3,478.0,480.5,483.1,479.6,476.5,474.6,474.2,475.2,476.9,477.0,477.7,478.5,479.0,478.9,478.3,477.4,Truthful
40,41,0,1.668,0.98,1,0.055466,0.363622,-0.929894,-0.04053,0.359155,-0.932397,0.008,0.37,548.3,550.9,558.2,565.8,569.3,567.4,559.4,551.8,540.1,544.0,549.8,557.3,565.6,572.7,578.3,573.1,565.8,558.1,550.8,544.7,555.7,559.5,563.0,564.3,562.5,558.8,555.3,554.0,638.0,639.8,646.9,655.3,659.9,658.1,650.9,642.1,630.8,635.2,641.5,649.5,657.5,664.1,669.2,665.4,659.6,652.4,644.4,636.8,645.7,649.7,653.1,653.9,651.7,647.8,644.4,643.5,270.6,262.7,259.0,261.8,269.4,277.8,280.9,278.2,273.4,269.7,266.9,265.1,265.7,268.0,271.6,274.6,276.1,277.2,277.3,276.2,274.0,275.4,273.6,269.7,266.0,264.7,266.5,270.3,262.4,254.6,250.6,252.8,259.9,267.7,271.7,270.3,267.5,262.4,258.3,255.9,256.3,258.6,262.4,264.7,266.1,267.1,267.9,268.7,265.8,266.8,264.9,261.2,257.8,256.8,258.7,262.4,-51.0,-49.5,-45.4,-41.1,-39.1,-40.2,-44.7,-49.0,-56.1,-53.6,-50.0,-45.7,-41.1,-37.3,-34.2,-37.0,-41.0,-45.3,-49.5,-53.2,-46.8,-44.7,-42.7,-42.0,-43.0,-45.1,-47.1,-47.8,-1.1,-0.1,3.8,8.3,10.8,9.8,5.9,1.1,-5.0,-2.6,0.8,5.2,9.5,13.2,16.0,13.8,10.6,6.7,2.4,-1.7,3.1,5.3,7.1,7.6,6.4,4.2,2.4,1.9,-49.7,-54.1,-56.0,-54.4,-50.1,-45.5,-43.8,-45.4,-48.7,-50.4,-51.7,-52.4,-52.1,-50.9,-49.1,-47.3,-46.4,-45.8,-45.9,-46.8,-47.8,-47.0,-47.9,-50.1,-52.2,-52.9,-52.0,-49.9,-52.8,-57.3,-59.6,-58.4,-54.4,-50.0,-47.7,-48.4,-50.2,-52.8,-55.0,-56.4,-56.3,-55.4,-53.6,-51.9,-50.9,-50.1,-49.6,-49.3,-51.1,-50.5,-51.6,-53.8,-55.6,-56.2,-55.1,-53.0,486.3,486.0,485.2,484.3,483.9,484.4,485.0,485.9,491.7,488.4,485.3,483.3,483.1,484.1,485.6,484.3,483.4,483.8,485.5,488.4,486.3,485.9,485.5,485.3,485.6,486.0,486.4,486.5,473.6,475.5,476.9,477.0,475.8,473.9,472.5,472.5,474.3,473.7,473.3,473.7,475.3,477.8,480.3,476.8,473.8,471.9,471.6,472.6,474.4,474.4,475.1,476.0,476.6,476.5,475.8,474.9,Truthful
41,42,0,1.71,0.98,1,0.052955,0.36504,-0.929484,-0.039882,0.354951,-0.934034,0.007,0.369,548.9,551.5,558.7,566.3,570.0,568.1,560.2,552.5,540.9,544.6,550.3,557.8,566.2,573.3,579.0,573.7,566.5,558.8,551.5,545.5,556.4,560.1,563.7,564.9,563.2,559.4,555.8,554.6,638.9,640.7,647.9,656.2,660.7,658.9,651.8,642.9,631.8,636.2,642.4,650.5,658.4,665.0,670.0,666.3,660.6,653.4,645.5,637.8,646.6,650.5,654.0,654.8,652.6,648.7,645.3,644.4,270.4,262.5,258.9,261.7,269.3,277.8,280.9,278.0,272.8,269.4,266.7,265.1,265.7,268.0,271.6,274.5,276.1,277.1,277.1,275.8,273.8,275.2,273.4,269.5,265.8,264.4,266.2,270.1,262.0,254.2,250.3,252.5,259.6,267.4,271.4,269.9,267.1,262.1,258.0,255.6,256.0,258.2,262.0,264.3,265.7,266.8,267.6,268.3,265.4,266.5,264.6,260.8,257.5,256.4,258.3,262.0,-50.5,-49.0,-44.9,-40.6,-38.6,-39.7,-44.1,-48.4,-55.5,-53.1,-49.6,-45.2,-40.6,-36.7,-33.7,-36.6,-40.5,-44.8,-49.0,-52.6,-46.3,-44.2,-42.2,-41.5,-42.5,-44.6,-46.6,-47.3,-0.6,0.4,4.3,8.8,11.3,10.3,6.4,1.6,-4.5,-2.1,1.3,5.7,10.0,13.7,16.5,14.3,11.2,7.3,2.9,-1.2,3.6,5.7,7.6,8.1,6.9,4.7,2.9,2.4,-49.6,-53.9,-55.8,-54.1,-49.9,-45.4,-43.7,-45.4,-48.8,-50.4,-51.5,-52.2,-51.9,-50.7,-48.8,-47.1,-46.2,-45.7,-45.9,-46.9,-47.7,-46.9,-47.9,-50.0,-52.1,-52.9,-51.9,-49.8,-53.1,-57.6,-59.9,-58.7,-54.7,-50.2,-48.0,-48.7,-50.4,-53.1,-55.2,-56.6,-56.6,-55.7,-53.9,-52.2,-51.2,-50.4,-49.9,-49.6,-51.4,-50.8,-51.9,-54.0,-55.9,-56.5,-55.4,-53.3,484.6,484.0,482.9,482.1,482.0,482.9,483.7,484.5,490.1,486.7,483.4,481.3,481.1,482.1,483.7,482.6,481.8,482.3,484.1,486.9,484.7,484.3,483.8,483.5,483.5,483.9,484.5,484.8,474.4,476.2,477.6,477.8,476.6,474.8,473.4,473.3,475.1,474.4,474.1,474.6,476.2,478.7,481.3,477.8,474.7,472.8,472.5,473.5,475.2,475.3,475.9,476.8,477.4,477.3,476.6,475.7,Truthful
