,frame, face_id, timestamp, confidence, success, pose_Tx, pose_Ty, pose_Tz, pose_Rx, pose_Ry, pose_Rz, AU01_r, AU02_r, AU04_r, AU05_r, AU06_r, AU07_r, AU09_r, AU10_r, AU12_r, AU14_r, AU15_r, AU17_r, AU20_r, AU23_r, AU25_r, AU26_r, AU45_r, AU01_c, AU02_c, AU04_c, AU05_c, AU06_c, AU07_c, AU09_c, AU10_c, AU12_c, AU14_c, AU15_c, AU17_c, AU20_c, AU23_c, AU25_c, AU26_c, AU28_c, AU45_c,label
0,1,0,0.0,0.88,1,-216.2,-143.0,1004.8,0.21,0.09,0.282,0.0,0.0,0.33,0.0,0.0,0.0,0.0,0.0,0.0,0.14,0.0,0.0,0.0,0.0,0.0,0.0,1.64,0.0,0.0,0.0,1.0,0.0,0.0,0.0,0.0,0.0,1.0,0.0,0.0,1.0,0.0,0.0,0.0,0.0,0.0,Truthful
1,2,0,0.1,0.88,1,-217.0,-145.2,1014.0,0.254,0.052,0.319,0.0,0.0,0.14,0.0,0.0,0.0,0.0,0.0,0.0,0.05,0.0,0.0,0.0,0.0,0.0,0.0,1.71,0.0,0.0,0.0,1.0,0.0,0.0,0.0,0.0,0.0,1.0,0.0,0.0,1.0,0.0,0.0,0.0,0.0,0.0,Truthful
2,3,0,0.2,0.88,1,-216.8,-146.4,1019.3,0.288,0.036,0.33,0.0,0.0,0.09,0.0,0.0,0.04,0.0,0.0,0.0,0.0,0.0,0.0,0.0,0.0,0.0,0.0,1.68,0.0,0.0,0.0,1.0,0.0,0.0,0.0,0.0,0.0,1.0,0.0,0.0,1.0,0.0,0.0,0.0,0.0,0.0,Truthful
3,4,0,0.3,0.88,1,-215.4,-146.6,1022.9,0.317,0.027,0.334,0.0,0.0,0.05,0.0,0.0,0.04,0.0,0.0,0.0,0.02,0.0,0.0,0.0,0.0,0.0,0.0,1.5,0.0,1.0,0.0,1.0,0.0,0.0,0.0,0.0,0.0,1.0,0.0,0.0,1.0,0.0,0.0,0.0,0.0,0.0,Truthful
4,5,0,0.4,0.88,1,-215.1,-147.5,1029.7,0.325,0.028,0.335,0.0,0.0,0.05,0.0,0.0,0.04,0.0,0.0,0.0,0.06,0.0,0.0,0.0,0.0,0.0,0.0,1.43,0.0,1.0,0.0,1.0,0.0,0.0,0.0,0.0,0.0,1.0,0.0,0.0,1.0,0.0,0.0,0.0,0.0,0.0,Truthful
5,6,0,0.5,0.88,1,-216.6,-152.1,1044.8,0.303,0.036,0.343,0.0,0.0,0.0,0.0,0.0,0.0,0.0,0.0,0.0,0.13,0.0,0.0,0.0,0.0,0.0,0.0,1.49,0.0,1.0,0.0,1.0,0.0,0.0,0.0,0.0,0.0,1.0,0.0,0.0,1.0,0.0,0.0,0.0,0.0,0.0,Truthful
6,7,0,0.6,0.88,1,-215.6,-154.6,1048.7,0.31,0.037,0.352,0.0,0.0,0.0,0.0,0.0,0.0,0.0,0.0,0.0,0.17,0.0,0.0,0.0,0.0,0.0,0.0,1.53,0.0,1.0,0.0,1.0,0.0,0.0,0.0,0.0,0.0,1.0,0.0,0.0,1.0,0.0,0.0,0.0,0.0,0.0,Truthful
7,8,0,0.7,0.88,1,-214.1,-155.1,1049.9,0.335,0.037,0.359,0.0,0.0,0.0,0.0,0.0,0.08,0.0,0.0,0.0,0.3,0.0,0.0,0.0,0.0,0.09,0.0,1.62,0.0,1.0,0.0,1.0,0.0,0.0,0.0,0.0,0.0,1.0,0.0,0.0,1.0,0.0,0.0,0.0,0.0,0.0,Truthful
8,9,0,0.8,0.88,1,-206.2,-148.6,1022.1,0.349,0.051,0.35,0.0,0.0,0.0,0.0,0.0,0.16,0.0,0.0,0.03,0.37,0.0,0.0,0.0,0.0,0.36,0.0,1.83,0.0,1.0,0.0,1.0,0.0,0.0,0.0,0.0,0.0,1.0,0.0,0.0,1.0,0.0,0.0,0.0,0.0,0.0,Truthful
9,10,0,0.9,0.88,1,-203.2,-146.1,1017.3,0.306,0.046,0.341,0.0,0.0,0.0,0.0,0.0,0.16,0.0,0.0,0.03,0.43,0.0,0.0,0.0,0.0,0.36,0.0,1.96,0.0,1.0,0.0,1.0,0.0,0.0,0.0,0.0,0.0,1.0,0.0,0.0,1.0,0.0,0.0,0.0,0.0,0.0,Truthful
10,11,0,1.0,0.88,1,-206.8,-151.1,1042.3,0.263,0.032,0.349,0.0,0.0,0.0,0.0,0.0,0.09,0.0,0.0,0.03,0.43,0.0,0.0,0.0,0.0,0.26,0.0,2.08,0.0,1.0,0.0,1.0,0.0,0.0,0.0,0.0,0.0,1.0,0.0,0.0,1.0,0.0,1.0,0.0,0.0,0.0,Truthful
11,12,0,1.1,0.88,1,-205.0,-150.7,1043.2,0.273,0.029,0.351,0.0,0.0,0.0,0.0,0.0,0.07,0.0,0.0,0.0,0.47,0.0,0.0,0.07,0.0,0.0,0.0,1.84,0.0,1.0,0.0,1.0,0.0,0.0,0.0,0.0,0.0,1.0,0.0,0.0,1.0,0.0,1.0,0.0,0.0,0.0,Truthful
12,13,0,1.2,0.88,1,-202.0,-146.5,1031.9,0.292,0.053,0.349,0.0,0.0,0.0,0.0,0.0,0.13,0.0,0.0,0.0,0.55,0.0,0.0,0.07,0.0,0.01,0.0,1.79,0.0,1.0,0.0,1.0,0.0,0.0,0.0,0.0,0.0,1.0,0.0,0.0,1.0,0.0,1.0,0.0,0.0,0.0,Truthful
13,14,0,1.3,0.88,1,-201.5,-142.6,1025.2,0.298,0.058,0.347,0.0,0.0,0.01,0.0,0.0,0.13,0.0,0.0,0.1,0.57,0.0,0.0,0.09,0.0,0.03,0.0,1.66,0.0,1.0,0.0,1.0,0.0,0.0,0.0,0.0,0.0,1.0,0.0,0.0,1.0,0.0,0.0,0.0,0.0,0.0,Truthful
14,15,0,1.4,0.88,1,-203.2,-141.3,1030.0,0.273,0.051,0.338,0.0,0.0,0.01,0.0,0.0,0.06,0.0,0.0,0.16,0.6,0.0,0.0,0.18,0.0,0.03,0.0,1.64,0.0,1.0,0.0,1.0,0.0,0.0,0.0,0.0,0.0,1.0,0.0,0.0,1.0,0.0,0.0,0.0,0.0,0.0,Truthful
15,16,0,1.5,0.88,1,-205.8,-143.6,1042.2,0.246,0.048,0.342,0.0,0.0,0.07,0.0,0.0,0.0,0.0,0.0,0.16,0.45,0.0,0.0,0.18,0.0,0.02,0.0,1.7,0.0,1.0,0.0,1.0,0.0,0.0,0.0,0.0,0.0,1.0,0.0,0.0,1.0,0.0,0.0,0.0,0.0,0.0,Truthful
16,17,0,1.6,0.88,1,-205.9,-143.9,1045.7,0.26,0.038,0.332,0.0,0.0,0.06,0.0,0.0,0.0,0.0,0.0,0.07,0.27,0.0,0.0,0.16,0.0,0.0,0.0,1.75,0.0,1.0,0.0,1.0,0.0,0.0,0.0,0.0,0.0,1.0,0.0,0.0,1.0,0.0,0.0,0.0,0.0,0.0,Truthful
17,18,0,1.7,0.88,1,-208.0,-147.1,1059.6,0.259,0.033,0.337,0.0,0.0,0.06,0.0,0.0,0.0,0.0,0.0,0.0,0.06,0.0,0.0,0.0,0.0,0.0,0.0,1.89,0.0,1.0,0.0,1.0,0.0,0.0,0.0,0.0,0.0,1.0,0.0,0.0,1.0,0.0,0.0,0.0,0.0,0.0,Truthful
18,19,0,1.8,0.88,1,-205.7,-146.5,1054.3,0.255,0.034,0.341,0.0,0.0,0.0,0.0,0.0,0.0,0.0,0.0,0.0,0.0,0.0,0.0,0.0,0.0,0.0,0.0,1.84,0.0,1.0,0.0,1.0,0.0,0.0,0.0,0.0,0.0,1.0,0.0,0.0,1.0,0.0,0.0,0.0,0.0,0.0,Truthful
19,20,0,1.9,0.88,1,-205.0,-146.7,1053.4,0.251,0.04,0.341,0.0,0.0,0.0,0.0,0.0,0.0,0.0,0.0,0.0,0.0,0.0,0.0,0.0,0.0,0.0,0.0,1.87,0.0,1.0,0.0,1.0,0.0,0.0,0.0,0.0,0.0,1.0,0.0,0.0,1.0,0.0,0.0,0.0,0.0,0.0,Truthful
20,21,0,2.0,0.88,1,-204.6,-147.6,1054.9,0.271,0.036,0.344,0.0,0.0,0.0,0.0,0.0,0.0,0.0,0.0,0.0,0.0,0.0,0.0,0.0,0.0,0.0,0.0,1.94,0.0,1.0,0.0,1.0,0.0,0.0,0.0,0.0,0.0,1.0,0.0,0.0,1.0,0.0,0.0,0.0,0.0,0.0,Truthful
21,22,0,2.1,0.88,1,-203.8,-148.2,1052.1,0.272,0.056,0.338,0.0,0.0,0.0,0.0,0.0,0.0,0.0,0.0,0.0,0.0,0.0,0.0,0.0,0.0,0.0,0.0,2.16,0.0,1.0,0.0,1.0,0.0,0.0,0.0,0.0,0.0,1.0,0.0,0.0,1.0,0.0,0.0,0.0,0.0,0.0,Truthful
22,23,0,2.2,0.88,1,-202.0,-148.1,1045.4,0.276,0.068,0.331,0.0,0.0,0.0,0.0,0.0,0.0,0.0,0.0,0.0,0.0,0.0,0.0,0.0,0.0,0.0,0.0,2.36,0.0,1.0,0.0,1.0,0.0,0.0,0.0,0.0,0.0,1.0,0.0,0.0,1.0,0.0,0.0,0.0,0.0,0.0,Truthful
23,24,0,2.3,0.88,1,-199.6,-148.6,1038.0,0.264,0.087,0.33,0.0,0.0,0.02,0.0,0.0,0.0,0.0,0.0,0.0,0.0,0.0,0.0,0.0,0.0,0.0,0.0,2.39,0.0,0.0,0.0,1.0,0.0,0.0,0.0,0.0,0.0,1.0,0.0,0.0,1.0,0.0,0.0,0.0,0.0,0.0,Truthful
24,25,0,2.4,0.88,1,-198.7,-149.4,1036.7,0.261,0.102,0.338,0.0,0.0,0.11,0.0,0.0,0.01,0.0,0.02,0.06,0.22,0.0,0.0,0.0,0.0,0.18,0.0,2.24,0.0,0.0,0.0,1.0,0.0,0.0,0.0,0.0,0.0,1.0,0.0,0.0,1.0,0.0,0.0,0.0,0.0,0.0,Truthful
25,26,0,2.5,0.88,1,-190.8,-148.9,1018.3,0.24,0.098,0.343,0.0,0.0,0.16,0.0,0.0,0.01,0.0,0.02,0.14,0.36,0.0,0.0,0.0,0.0,0.33,0.0,1.99,0.0,0.0,0.0,1.0,0.0,0.0,0.0,0.0,0.0,1.0,0.0,0.0,1.0,0.0,1.0,0.0,0.0,0.0,Truthful
26,27,0,2.6,0.88,1,-185.2,-150.8,1012.8,0.204,0.063,0.346,0.0,0.0,0.19,0.0,0.14,0.09,0.0,0.02,0.39,0.37,0.0,0.0,0.0,0.0,0.38,0.0,1.83,0.0,0.0,0.0,1.0,0.0,0.0,0.0,0.0,0.0,1.0,0.0,0.0,1.0,0.0,1.0,0.0,0.0,0.0,Truthful
27,28,0,2.7,0.88,1,-180.8,-158.8,1004.8,0.114,0.06,0.342,0.0,0.0,0.1,0.0,0.17,0.18,0.0,0.0,0.33,0.15,0.0,0.0,0.21,0.0,0.45,0.0,2.09,0.0,0.0,0.0,1.0,0.0,0.0,0.0,0.0,0.0,1.0,0.0,0.0,1.0,0.0,1.0,0.0,0.0,0.0,Truthful
28,29,0,2.8,0.88,1,-171.6,-172.0,958.7,0.135,0.262,0.279,0.0,0.0,0.19,0.0,0.17,0.18,0.0,0.02,0.25,0.01,0.0,0.13,0.27,0.0,0.3,0.0,2.03,0.0,0.0,0.0,1.0,0.0,0.0,0.0,0.0,0.0,1.0,0.0,0.0,1.0,0.0,1.0,0.0,0.0,0.0,Truthful
29,30,0,2.9,0.88,1,-183.6,-193.3,977.6,0.066,0.427,0.225,0.28,0.0,0.96,0.05,0.03,0.21,0.26,0.26,0.0,0.0,0.0,0.47,0.27,0.0,0.25,0.26,1.43,0.0,0.0,0.0,1.0,0.0,0.0,0.0,0.0,0.0,0.0,0.0,0.0,0.0,0.0,0.0,0.0,0.0,0.0,Truthful
30,31,0,3.0,0.88,1,-192.2,-200.3,957.5,0.05,0.506,0.127,0.6,0.0,1.62,0.05,0.0,0.13,0.36,0.32,0.0,0.0,0.0,0.73,0.06,0.0,0.0,0.73,0.5,0.0,0.0,1.0,1.0,0.0,0.0,0.0,0.0,0.0,0.0,0.0,0.0,0.0,0.0,0.0,0.0,0.0,0.0,Truthful
31,32,0,3.1,0.93,1,-197.4,-209.5,989.6,0.04,0.506,0.157,0.89,0.0,2.04,0.05,0.0,0.13,0.38,0.3,0.0,0.0,0.03,1.12,0.0,0.02,0.37,1.26,0.01,0.0,0.0,1.0,1.0,0.0,0.0,0.0,0.0,0.0,0.0,0.0,1.0,0.0,0.0,0.0,0.0,0.0,0.0,Truthful
32,33,0,3.2,0.93,1,-197.2,-209.0,1004.5,0.135,0.559,0.172,0.89,0.0,1.75,0.0,0.0,0.03,0.12,0.06,0.0,0.0,0.05,1.52,0.0,0.12,0.95,1.84,0.01,0.0,0.0,1.0,0.0,0.0,0.0,0.0,0.0,0.0,0.0,0.0,1.0,0.0,0.0,0.0,0.0,0.0,0.0,Truthful
33,34,0,3.3,0.88,1,-192.0,-197.5,986.5,0.215,0.622,0.149,0.77,0.0,1.59,0.0,0.0,0.0,0.02,0.09,0.0,0.0,0.08,1.96,0.0,0.15,1.31,2.25,0.0,0.0,0.0,1.0,0.0,0.0,0.0,0.0,0.0,0.0,0.0,0.0,1.0,0.0,0.0,0.0,0.0,0.0,0.0,Truthful
34,35,0,3.4,0.88,1,-187.0,-187.5,967.5,0.243,0.622,0.125,0.74,0.06,1.63,0.0,0.0,0.0,0.0,0.22,0.0,0.0,0.07,2.14,0.0,0.18,1.2,2.45,0.0,0.0,0.0,1.0,0.0,0.0,0.0,0.0,0.0,0.0,0.0,0.0,1.0,0.0,0.0,0.0,0.0,0.0,0.0,Truthful
35,36,0,3.5,0.88,1,-183.7,-183.8,956.6,0.245,0.623,0.112,0.59,0.06,1.52,0.0,0.0,0.0,0.0,0.36,0.0,0.0,0.05,2.01,0.0,0.13,0.69,2.11,0.0,0.0,0.0,1.0,0.0,0.0,0.0,0.0,0.0,0.0,0.0,0.0,1.0,0.0,0.0,0.0,0.0,0.0,0.0,Truthful
36,37,0,3.6,0.88,1,-183.5,-183.6,952.6,0.218,0.613,0.124,0.46,0.06,1.35,0.0,0.0,0.0,0.0,0.41,0.0,0.0,0.02,1.73,0.0,0.12,0.44,1.75,0.0,0.0,1.0,1.0,0.0,0.0,0.0,0.0,0.0,0.0,0.0,0.0,1.0,0.0,0.0,0.0,0.0,0.0,0.0,Truthful
37,38,0,3.7,0.88,1,-185.4,-182.9,950.5,0.229,0.602,0.117,0.21,0.1,1.01,0.0,0.0,0.0,0.0,0.43,0.0,0.0,0.17,1.52,0.02,0.2,0.18,1.35,0.0,0.0,1.0,1.0,0.0,0.0,0.0,0.0,0.0,0.0,0.0,0.0,1.0,0.0,0.0,0.0,0.0,0.0,0.0,Truthful
38,39,0,3.8,0.88,1,-188.2,-180.5,958.3,0.321,0.587,0.067,0.08,0.2,0.8,0.09,0.0,0.0,0.0,0.35,0.0,0.0,0.24,1.58,0.02,0.22,0.2,1.35,0.0,0.0,1.0,1.0,0.0,0.0,0.0,0.0,0.0,0.0,0.0,0.0,1.0,0.0,0.0,0.0,0.0,0.0,0.0,Truthful
39,40,0,3.9,0.88,1,-188.6,-174.2,955.0,0.38,0.591,0.019,0.15,0.28,0.67,0.4,0.0,0.0,0.0,0.3,0.02,0.0,0.3,1.85,0.11,0.26,0.08,1.05,0.0,0.0,1.0,1.0,0.0,0.0,0.0,0.0,0.0,0.0,0.0,0.0,0.0,0.0,0.0,0.0,0.0,0.0,0.0,Truthful
40,41,0,4.0,0.88,1,-188.9,-169.9,945.3,0.354,0.603,0.014,0.26,0.26,0.7,0.42,0.0,0.0,0.09,0.18,0.08,0.0,0.3,1.85,0.09,0.22,0.17,0.97,0.0,0.0,1.0,1.0,0.0,0.0,0.0,0.0,0.0,0.0,0.0,0.0,0.0,0.0,0.0,0.0,0.0,0.0,0.0,Truthful
41,42,0,4.1,0.88,1,-195.3,-179.3,960.4,0.248,0.577,0.062,0.26,0.16,0.89,0.33,0.0,0.0,0.14,0.32,0.08,0.0,0.23,1.36,0.09,0.21,0.19,0.66,0.0,0.0,1.0,1.0,0.0,0.0,0.0,0.0,0.0,0.0,0.0,0.0,0.0,0.0,0.0,0.0,0.0,0.0,0.0,Truthful
42,43,0,4.2,0.88,1,-195.7,-182.5,948.3,0.178,0.545,0.094,0.11,0.08,1.03,0.03,0.04,0.0,0.2,0.58,0.14,0.0,0.17,0.78,0.0,0.19,0.44,0.63,0.0,0.0,0.0,1.0,0.0,1.0,0.0,0.0,0.0,0.0,0.0,0.0,0.0,0.0,0.0,0.0,0.0,0.0,0.0,Truthful
43,44,0,4.3,0.88,1,-196.7,-181.0,937.2,0.183,0.546,0.118,0.0,0.0,1.06,0.0,0.11,0.0,0.22,0.89,0.11,0.0,0.0,0.48,0.0,0.16,0.64,0.69,0.0,0.0,0.0,1.0,0.0,1.0,0.0,0.0,0.0,0.0,0.0,0.0,0.0,0.0,0.0,0.0,0.0,0.0,0.0,Truthful
44,45,0,4.4,0.88,1,-199.5,-180.3,935.2,0.188,0.552,0.133,0.0,0.0,1.0,0.0,0.11,0.0,0.21,0.85,0.11,0.0,0.0,0.69,0.0,0.13,0.77,0.77,0.0,0.0,0.0,1.0,0.0,1.0,0.0,0.0,0.0,0.0,0.0,0.0,0.0,0.0,0.0,0.0,0.0,0.0,0.0,Truthful
45,46,0,4.5,0.88,1,-203.3,-179.3,933.2,0.178,0.557,0.145,0.12,0.0,0.99,0.0,0.07,0.0,0.27,0.65,0.04,0.0,0.0,1.1,0.0,0.09,0.87,1.02,0.0,1.0,0.0,1.0,0.0,1.0,0.0,0.0,0.0,0.0,0.0,0.0,0.0,0.0,0.0,0.0,0.0,0.0,0.0,Truthful
46,47,0,4.6,0.88,1,-206.9,-180.3,931.3,0.14,0.56,0.17,0.36,0.0,1.0,0.0,0.0,0.0,0.2,0.46,0.0,0.0,0.0,1.41,0.0,0.03,1.06,1.05,0.0,0.0,0.0,1.0,0.0,1.0,0.0,0.0,0.0,0.0,0.0,0.0,0.0,0.0,0.0,0.0,0.0,0.0,0.0,Truthful
47,48,0,4.7,0.88,1,-213.6,-186.1,935.7,0.088,0.556,0.212,0.48,0.16,0.97,0.19,0.0,0.0,0.15,0.29,0.0,0.0,0.0,1.42,0.0,0.0,1.39,1.14,0.0,0.0,1.0,1.0,0.0,1.0,0.0,0.0,0.0,0.0,0.0,0.0,1.0,0.0,0.0,0.0,0.0,0.0,0.0,Truthful
48,49,0,4.8,0.88,1,-219.8,-185.8,931.4,0.098,0.591,0.242,0.36,0.57,0.96,0.49,0.0,0.0,0.04,0.13,0.0,0.0,0.0,1.46,0.0,0.08,1.35,1.16,0.0,0.0,1.0,1.0,0.0,1.0,0.0,0.0,0.0,0.0,0.0,0.0,1.0,0.0,0.0,0.0,0.0,0.0,0.0,Truthful
49,50,0,4.9,0.88,1,-221.2,-177.6,911.7,0.18,0.671,0.227,0.12,0.71,0.64,0.77,0.04,0.0,0.0,0.1,0.06,0.0,0.14,2.02,0.0,0.2,0.91,1.25,0.0,0.0,1.0,1.0,0.0,1.0,0.0,0.0,0.0,0.0,0.0,0.0,1.0,0.0,0.0,0.0,0.0,0.0,0.0,Truthful
50,51,0,5.0,0.88,1,-221.4,-169.8,898.0,0.304,0.758,0.159,0.0,0.55,0.33,0.58,0.2,0.0,0.0,0.47,0.22,0.21,0.66,2.4,0.0,0.39,0.43,1.33,0.0,0.0,1.0,0.0,0.0,1.0,0.0,0.0,0.0,0.0,0.0,0.0,0.0,0.0,0.0,0.0,0.0,0.0,0.0,Truthful
51,52,0,5.1,0.98,1,-211.4,-158.3,852.7,0.385,0.887,0.102,0.0,0.15,0.0,0.47,0.33,0.0,0.0,0.68,0.41,0.35,0.88,2.37,0.0,0.3,0.21,1.22,0.0,0.0,1.0,0.0,0.0,1.0,0.0,0.0,0.0,0.0,0.0,0.0,0.0,0.0,0.0,0.0,0.0,0.0,0.0,Truthful
52,53,0,5.2,0.98,1,-216.2,-162.4,859.6,0.419,0.863,0.113,0.0,0.17,0.0,0.45,0.33,0.0,0.0,0.57,0.42,0.35,0.75,1.81,0.0,0.2,0.19,1.27,0.0,0.0,1.0,0.0,0.0,1.0,0.0,0.0,0.0,0.0,0.0,0.0,0.0,0.0,0.0,0.0,0.0,0.0,0.0,Truthful
53,54,0,5.3,0.98,1,-220.6,-169.1,873.3,0.325,0.895,0.185,0.0,0.22,0.0,0.76,0.17,0.0,0.0,0.21,0.34,0.14,0.23,1.55,0.0,0.03,0.26,1.25,0.0,0.0,1.0,0.0,0.0,0.0,0.0,0.0,0.0,0.0,0.0,0.0,0.0,0.0,0.0,0.0,0.0,0.0,0.0,Truthful
54,55,0,5.4,0.98,1,-224.4,-166.1,872.2,0.34,0.834,0.181,0.0,0.22,0.0,0.95,0.16,0.0,0.0,0.18,0.27,0.0,0.19,1.73,0.0,0.05,0.17,1.27,0.0,0.0,1.0,0.0,0.0,0.0,0.0,0.0,0.0,0.0,0.0,0.0,0.0,0.0,0.0,0.0,0.0,0.0,0.0,Truthful
55,56,0,5.5,0.98,1,-218.7,-156.2,843.2,0.482,0.845,0.129,0.0,0.06,0.0,0.96,0.25,0.0,0.0,0.27,0.51,0.05,0.76,2.06,0.0,0.04,0.22,1.25,0.0,0.0,1.0,0.0,0.0,0.0,0.0,0.0,0.0,0.0,0.0,0.0,0.0,0.0,0.0,0.0,0.0,0.0,0.0,Truthful
56,57,0,5.6,0.98,1,-215.7,-149.7,835.5,0.495,0.9,0.079,0.0,0.0,0.0,0.88,0.48,0.0,0.0,0.52,0.78,0.19,1.17,2.32,0.26,0.01,0.07,1.08,0.0,0.0,1.0,0.0,1.0,0.0,0.0,0.0,0.0,0.0,0.0,0.0,0.0,1.0,0.0,0.0,0.0,0.0,0.0,Truthful
57,58,0,5.7,0.98,1,-219.4,-150.6,852.1,0.535,0.858,0.085,0.0,0.0,0.0,0.93,0.67,0.08,0.0,0.67,0.99,0.39,1.2,2.24,0.36,0.0,0.07,0.88,0.0,0.0,1.0,0.0,1.0,0.0,0.0,0.0,0.0,0.0,0.0,0.0,0.0,1.0,0.0,0.0,0.0,0.0,0.0,Truthful
58,59,0,5.8,0.98,1,-222.1,-152.5,869.0,0.503,0.876,0.1,0.0,0.0,0.02,1.13,0.76,0.39,0.0,0.7,0.94,0.38,1.07,1.93,0.89,0.0,0.02,0.43,0.0,0.0,1.0,0.0,1.0,0.0,0.0,0.0,0.0,0.0,0.0,0.0,0.0,0.0,0.0,0.0,0.0,0.0,0.0,Truthful
59,60,0,5.9,0.98,1,-220.8,-154.5,885.5,0.423,0.914,0.109,0.0,0.0,0.42,1.01,0.71,0.39,0.0,0.52,0.72,0.23,0.94,1.53,0.63,0.0,0.27,0.31,0.0,0.0,1.0,0.0,0.0,0.0,0.0,0.0,0.0,0.0,0.0,0.0,0.0,0.0,0.0,0.0,0.0,0.0,0.0,Truthful
60,61,0,6.0,0.98,1,-225.4,-161.6,926.7,0.309,0.885,0.117,0.0,0.1,0.96,0.59,0.41,0.31,0.0,0.21,0.46,0.03,1.34,1.18,0.53,0.0,0.27,0.15,0.0,0.0,1.0,1.0,0.0,0.0,0.0,0.0,0.0,0.0,0.0,0.0,0.0,0.0,0.0,0.0,0.0,0.0,0.0,Truthful
61,62,0,6.1,0.98,1,-222.5,-166.3,949.0,0.19,0.927,0.129,0.0,0.1,1.32,0.12,0.18,0.0,0.0,0.16,0.21,0.0,1.04,1.24,0.0,0.0,0.48,0.17,0.0,0.0,0.0,1.0,0.0,0.0,0.0,0.0,0.0,0.0,0.0,0.0,0.0,0.0,0.0,0.0,0.0,0.0,0.0,Truthful
62,63,0,6.2,0.98,1,-209.9,-165.9,934.1,0.016,1.038,0.233,0.34,0.16,1.25,0.3,0.0,0.0,0.0,0.19,0.07,0.0,0.82,1.27,0.0,0.0,0.45,0.25,0.0,0.0,0.0,1.0,0.0,0.0,0.0,0.0,0.0,0.0,0.0,0.0,0.0,0.0,0.0,0.0,0.0,0.0,0.0,Truthful
63,64,0,6.3,0.88,1,-207.6,-177.2,965.1,0.202,0.555,0.038,0.69,0.05,1.71,0.3,0.0,0.24,0.02,0.29,0.0,0.0,0.21,1.41,0.0,0.0,0.63,0.25,0.14,0.0,0.0,1.0,0.0,0.0,0.0,0.0,0.0,0.0,0.0,0.0,1.0,0.0,0.0,0.0,0.0,0.0,0.0,Truthful
64,65,0,6.4,0.88,1,-210.1,-189.4,1006.4,0.1,0.52,0.062,0.69,0.05,1.35,0.3,0.0,0.24,0.02,0.22,0.01,0.0,0.06,1.13,0.0,0.0,0.66,0.43,0.25,0.0,0.0,1.0,0.0,0.0,0.0,0.0,0.0,0.0,0.0,0.0,1.0,0.0,0.0,0.0,0.0,0.0,0.0,Truthful
65,66,0,6.5,0.82,1,-163.1,-185.8,915.1,-0.013,0.888,0.376,0.35,0.0,1.56,0.72,0.0,0.29,0.02,0.12,0.36,0.45,0.02,1.26,0.0,0.18,0.44,0.2,0.25,0.0,0.0,1.0,0.0,0.0,0.0,0.0,0.0,0.0,0.0,0.0,1.0,0.0,0.0,0.0,0.0,0.0,0.0,Truthful
66,67,0,6.6,0.03,0,-156.5,-182.6,873.4,0.217,0.898,0.352,0.0,0.0,0.55,0.72,0.0,0.05,0.0,0.0,0.36,0.45,0.02,0.82,0.0,0.18,0.26,0.2,0.1,0.0,0.0,1.0,0.0,0.0,0.0,0.0,0.0,0.0,0.0,0.0,0.0,0.0,0.0,0.0,0.0,0.0,0.0,Truthful
67,68,0,6.7,0.03,0,-148.4,-175.8,821.6,0.453,0.926,0.349,0.0,0.0,0.88,0.91,0.2,0.05,0.26,0.0,0.35,0.7,0.02,0.52,0.04,0.18,0.0,0.0,0.45,0.0,0.0,1.0,1.0,0.0,0.0,0.0,0.0,0.0,0.0,0.0,0.0,0.0,0.0,0.0,0.0,0.0,0.0,Truthful
68,69,0,6.8,0.98,1,-131.8,-197.7,900.7,-0.037,0.358,0.22,0.0,0.0,0.6,0.22,0.22,0.0,0.53,0.0,0.0,0.25,0.0,0.0,0.06,0.0,0.0,0.0,1.04,0.0,0.0,1.0,1.0,0.0,0.0,0.0,0.0,0.0,0.0,0.0,0.0,0.0,0.0,0.0,0.0,0.0,0.0,Truthful
69,70,0,6.9,0.88,1,-133.1,-196.5,905.4,-0.027,0.362,0.277,0.06,0.0,0.7,0.28,0.22,0.0,0.68,0.05,0.0,0.25,0.0,0.0,0.15,0.0,0.02,0.0,1.52,0.0,0.0,1.0,1.0,0.0,0.0,0.0,0.0,0.0,0.0,0.0,0.0,1.0,0.0,0.0,0.0,0.0,0.0,Truthful
70,71,0,7.0,0.88,1,-136.5,-196.4,925.6,-0.01,0.374,0.306,0.09,0.0,0.39,0.19,0.02,0.0,0.45,0.05,0.0,0.0,0.0,0.0,0.13,0.0,0.02,0.0,1.26,0.0,0.0,1.0,1.0,0.0,0.0,0.0,0.0,0.0,0.0,0.0,0.0,1.0,0.0,0.0,0.0,0.0,0.0,Truthful
71,72,0,7.1,0.93,1,-139.2,-196.3,937.9,-0.026,0.426,0.358,0.17,0.0,0.22,0.16,0.0,0.0,0.27,0.1,0.0,0.0,0.0,0.0,0.31,0.0,0.02,0.0,0.77,0.0,0.0,1.0,1.0,0.0,0.0,0.0,0.0,0.0,0.0,0.0,0.0,1.0,0.0,0.0,0.0,0.0,0.0,Truthful
72,73,0,7.2,0.88,1,-141.0,-196.4,943.3,-0.069,0.454,0.406,0.16,0.0,0.19,0.1,0.0,0.0,0.14,0.21,0.0,0.0,0.0,0.0,0.48,0.0,0.0,0.0,0.39,0.0,0.0,1.0,1.0,0.0,0.0,0.0,0.0,0.0,0.0,0.0,0.0,1.0,0.0,0.0,0.0,0.0,0.0,Truthful
73,74,0,7.3,0.88,1,-143.5,-197.3,951.4,-0.065,0.449,0.415,0.16,0.0,0.25,0.0,0.0,0.0,0.13,0.33,0.0,0.0,0.0,0.0,0.73,0.0,0.0,0.0,0.27,0.0,0.0,1.0,1.0,0.0,0.0,0.0,0.0,0.0,0.0,0.0,0.0,1.0,0.0,0.0,0.0,0.0,0.0,Truthful
74,75,0,7.4,0.88,1,-145.8,-195.8,956.2,-0.055,0.46,0.406,0.19,0.0,0.48,0.0,0.0,0.0,0.06,0.45,0.11,0.0,0.01,0.12,0.83,0.0,0.0,0.0,0.16,0.0,0.0,1.0,1.0,0.0,0.0,0.0,0.0,0.0,0.0,0.0,0.0,1.0,0.0,0.0,0.0,0.0,0.0,Truthful
75,76,0,7.5,0.88,1,-146.5,-191.0,952.7,0.018,0.49,0.386,0.44,0.0,0.71,0.0,0.0,0.0,0.03,0.29,0.21,0.0,0.01,0.19,0.83,0.0,0.0,0.18,0.14,1.0,0.0,1.0,1.0,0.0,0.0,0.0,0.0,0.0,0.0,0.0,0.0,0.0,0.0,0.0,0.0,0.0,0.0,Truthful
76,77,0,7.6,0.88,1,-145.4,-183.5,939.1,0.078,0.518,0.359,0.75,0.0,1.0,0.0,0.0,0.0,0.0,0.28,0.3,0.0,0.01,0.75,0.56,0.0,0.13,0.68,0.1,1.0,0.0,1.0,0.0,0.0,0.0,0.0,0.0,0.0,0.0,1.0,0.0,0.0,0.0,0.0,0.0,0.0,0.0,Truthful
77,78,0,7.7,0.82,1,-143.4,-172.4,912.4,0.123,0.565,0.325,0.94,0.0,1.01,0.08,0.0,0.0,0.08,0.21,0.23,0.0,0.0,1.12,0.26,0.0,0.28,1.11,0.33,1.0,0.0,1.0,0.0,0.0,0.0,0.0,0.0,0.0,0.0,1.0,0.0,0.0,0.0,0.0,0.0,0.0,0.0,Truthful
78,79,0,7.8,0.88,1,-145.1,-167.9,901.7,0.114,0.573,0.326,0.95,0.09,0.88,0.08,0.0,0.0,0.08,0.26,0.12,0.0,0.0,1.21,0.0,0.0,0.28,1.26,0.26,1.0,0.0,1.0,0.0,0.0,0.0,0.0,0.0,0.0,0.0,1.0,0.0,0.0,0.0,0.0,0.0,0.0,0.0,Truthful
79,80,0,7.9,0.88,1,-151.2,-170.9,924.2,0.111,0.55,0.324,0.84,0.22,0.6,0.08,0.0,0.0,0.08,0.2,0.02,0.0,0.0,0.77,0.0,0.0,0.15,0.82,0.24,1.0,0.0,1.0,0.0,0.0,0.0,0.0,0.0,0.0,0.0,1.0,0.0,0.0,0.0,0.0,0.0,0.0,0.0,Truthful
80,81,0,8.0,0.88,1,-154.1,-171.8,932.6,0.104,0.534,0.324,0.75,0.24,0.45,0.0,0.0,0.0,0.0,0.21,0.0,0.0,0.0,0.42,0.0,0.0,0.0,0.66,0.02,0.0,0.0,1.0,0.0,0.0,0.0,0.0,0.0,0.0,0.0,0.0,0.0,0.0,0.0,0.0,0.0,0.0,0.0,Truthful
81,82,0,8.1,0.88,1,-156.5,-174.7,940.4,0.07,0.522,0.338,0.55,0.19,0.55,0.0,0.0,0.0,0.11,0.46,0.0,0.0,0.0,0.48,0.0,0.0,0.02,0.51,0.02,0.0,0.0,1.0,0.0,0.0,0.0,0.0,0.0,0.0,0.0,0.0,0.0,0.0,0.0,0.0,0.0,0.0,0.0,Truthful
82,83,0,8.2,0.93,1,-154.5,-174.8,924.8,0.047,0.556,0.357,0.53,0.05,0.82,0.0,0.0,0.0,0.17,0.46,0.02,0.0,0.0,0.71,0.0,0.0,0.28,0.89,0.02,0.0,0.0,1.0,0.0,0.0,0.0,0.0,0.0,0.0,0.0,0.0,0.0,0.0,0.0,0.0,0.0,0.0,1.0,Truthful
83,84,0,8.3,0.93,1,-151.6,-171.9,896.3,0.029,0.592,0.364,0.63,0.1,1.05,0.0,0.0,0.0,0.17,0.42,0.02,0.0,0.0,1.02,0.0,0.0,0.57,0.99,0.04,0.0,0.0,1.0,0.0,0.0,0.0,0.0,0.0,0.0,0.0,0.0,0.0,0.0,0.0,0.0,0.0,0.0,1.0,Truthful
84,85,0,8.4,0.88,1,-154.2,-172.5,897.1,0.046,0.595,0.353,0.85,0.2,1.17,0.0,0.0,0.0,0.07,0.18,0.02,0.0,0.0,1.32,0.12,0.0,0.78,1.1,0.04,0.0,0.0,1.0,0.0,0.0,0.0,0.0,0.0,0.0,0.0,0.0,0.0,0.0,0.0,0.0,0.0,0.0,1.0,Truthful
85,86,0,8.5,0.88,1,-157.5,-169.7,895.6,0.076,0.595,0.327,0.83,0.23,1.16,0.0,0.0,0.0,0.02,0.13,0.0,0.0,0.0,1.68,0.28,0.06,0.63,0.98,0.04,0.0,0.0,1.0,0.0,0.0,0.0,0.0,0.0,0.0,0.0,0.0,0.0,0.0,0.0,0.0,0.0,0.0,1.0,Truthful
86,87,0,8.6,0.88,1,-160.8,-165.8,896.5,0.14,0.608,0.281,0.59,0.16,1.11,0.0,0.07,0.0,0.02,0.17,0.08,0.0,0.0,1.51,0.28,0.07,0.4,0.9,0.07,0.0,0.0,1.0,0.0,0.0,0.0,0.0,0.0,0.0,0.0,0.0,0.0,0.0,0.0,0.0,0.0,0.0,1.0,Truthful
87,88,0,8.7,0.93,1,-165.7,-169.5,913.5,0.181,0.602,0.245,0.25,0.03,1.15,0.0,0.07,0.09,0.0,0.41,0.08,0.0,0.0,1.32,0.2,0.07,0.18,0.61,0.1,0.0,0.0,1.0,0.0,0.0,0.0,0.0,0.0,0.0,0.0,0.0,0.0,0.0,0.0,0.0,0.0,0.0,1.0,Truthful
88,89,0,8.8,0.88,1,-173.8,-178.6,941.0,0.147,0.564,0.199,0.08,0.0,1.32,0.0,0.07,0.21,0.05,0.82,0.16,0.0,0.0,1.09,0.16,0.01,0.07,0.29,0.1,0.0,0.0,1.0,0.0,0.0,0.0,0.0,0.0,0.0,0.0,0.0,0.0,0.0,0.0,0.0,0.0,0.0,1.0,Truthful
89,90,0,8.9,0.88,1,-175.4,-180.4,946.6,0.18,0.578,0.134,0.01,0.0,1.48,0.0,0.2,0.3,0.1,0.96,0.35,0.0,0.06,1.3,0.29,0.12,0.44,0.34,0.02,0.0,0.0,1.0,0.0,0.0,0.0,0.0,0.0,0.0,0.0,0.0,0.0,0.0,0.0,0.0,0.0,0.0,1.0,Truthful
90,91,0,9.0,0.88,1,-168.5,-171.5,912.1,0.294,0.634,0.078,0.01,0.0,1.51,0.0,0.39,0.42,0.18,0.87,0.63,0.0,0.06,1.33,0.43,0.13,0.89,0.87,0.0,0.0,0.0,1.0,0.0,0.0,0.0,0.0,0.0,0.0,0.0,0.0,0.0,0.0,0.0,0.0,0.0,0.0,0.0,Truthful
91,92,0,9.1,0.88,1,-168.6,-169.8,907.0,0.313,0.639,0.061,0.13,0.0,1.41,0.0,0.39,0.33,0.28,0.62,0.6,0.0,0.06,1.29,0.31,0.15,0.94,1.06,0.0,0.0,0.0,1.0,0.0,0.0,0.0,0.0,0.0,0.0,0.0,0.0,1.0,0.0,0.0,0.0,0.0,0.0,0.0,Truthful
92,93,0,9.2,0.88,1,-175.8,-175.9,929.5,0.248,0.619,0.086,0.25,0.0,1.34,0.0,0.21,0.25,0.31,0.69,0.44,0.0,0.0,1.44,0.19,0.17,0.49,0.81,0.0,0.0,0.0,1.0,0.0,0.0,0.0,0.0,1.0,0.0,0.0,0.0,1.0,0.0,0.0,1.0,0.0,0.0,0.0,Truthful
93,94,0,9.3,0.88,1,-175.2,-175.9,923.7,0.246,0.627,0.086,0.25,0.0,1.26,0.0,0.08,0.13,0.28,0.88,0.25,0.0,0.01,1.7,0.0,0.28,0.05,0.39,0.0,0.0,0.0,1.0,0.0,0.0,0.0,0.0,1.0,0.0,0.0,0.0,1.0,0.0,0.0,1.0,0.0,0.0,0.0,Truthful
94,95,0,9.4,0.88,1,-174.8,-174.6,916.4,0.249,0.636,0.092,0.16,0.0,1.19,0.0,0.08,0.11,0.21,1.02,0.33,0.0,0.05,1.81,0.03,0.26,0.29,0.39,0.0,0.0,0.0,1.0,0.0,0.0,0.0,0.0,0.0,0.0,0.0,0.0,1.0,0.0,0.0,1.0,0.0,0.0,0.0,Truthful
95,96,0,9.5,0.88,1,-178.5,-177.2,929.3,0.245,0.64,0.106,0.24,0.0,1.24,0.0,0.05,0.12,0.2,1.18,0.26,0.0,0.05,1.69,0.03,0.12,0.4,0.3,0.0,0.0,0.0,1.0,0.0,0.0,0.0,0.0,0.0,0.0,0.0,0.0,1.0,0.0,0.0,0.0,0.0,0.0,0.0,Truthful
96,97,0,9.6,0.93,1,-181.8,-182.4,941.9,0.195,0.628,0.13,0.46,0.0,1.26,0.0,0.0,0.03,0.28,1.01,0.16,0.0,0.04,1.46,0.15,0.0,0.4,0.19,0.0,0.0,0.0,1.0,0.0,0.0,0.0,0.0,0.0,0.0,0.0,0.0,1.0,0.0,0.0,0.0,0.0,0.0,0.0,Truthful
97,98,0,9.7,0.93,1,-185.4,-189.5,959.5,0.147,0.6,0.155,0.51,0.0,1.26,0.0,0.0,0.03,0.27,0.98,0.04,0.0,0.0,1.34,0.27,0.0,0.18,0.0,0.0,0.0,0.0,1.0,0.0,0.0,0.0,0.0,0.0,0.0,0.0,0.0,0.0,1.0,0.0,0.0,0.0,0.0,0.0,Truthful
98,99,0,9.8,0.93,1,-185.3,-190.5,960.0,0.156,0.593,0.161,0.33,0.0,1.18,0.0,0.01,0.01,0.2,0.88,0.09,0.0,0.0,0.98,0.36,0.0,0.32,0.0,0.0,0.0,0.0,1.0,0.0,0.0,0.0,0.0,0.0,0.0,0.0,0.0,0.0,1.0,0.0,0.0,0.0,0.0,0.0,Truthful
99,100,0,9.9,0.88,1,-185.3,-186.4,958.9,0.211,0.583,0.136,0.11,0.0,1.13,0.0,0.17,0.0,0.08,0.86,0.25,0.0,0.16,0.95,0.37,0.09,0.32,0.0,0.0,0.0,0.0,1.0,0.0,0.0,0.0,0.0,0.0,0.0,0.0,0.0,0.0,1.0,0.0,0.0,0.0,0.0,0.0,Truthful
100,101,0,10.0,0.88,1,-184.3,-179.3,957.6,0.282,0.569,0.101,0.01,0.0,1.11,0.0,0.35,0.0,0.0,0.75,0.42,0.0,0.45,0.94,0.4,0.21,0.26,0.07,0.0,0.0,0.0,1.0,0.0,0.0,0.0,0.0,0.0,0.0,0.0,0.0,0.0,1.0,0.0,0.0,0.0,0.0,0.0,Truthful
101,102,0,10.1,0.88,1,-184.6,-174.4,958.6,0.341,0.559,0.069,0.0,0.0,1.08,0.0,0.51,0.0,0.0,0.61,0.56,0.0,0.67,1.13,0.56,0.24,0.05,0.26,0.0,0.0,0.0,1.0,0.0,0.0,0.0,0.0,0.0,0.0,0.0,0.0,0.0,1.0,0.0,0.0,0.0,0.0,0.0,Truthful
102,103,0,10.2,0.88,1,-182.4,-170.8,950.9,0.345,0.564,0.038,0.0,0.0,1.22,0.0,0.48,0.04,0.0,0.74,0.63,0.0,0.69,1.02,0.68,0.15,0.1,0.37,0.0,0.0,0.0,1.0,0.0,0.0,0.0,0.0,0.0,0.0,0.0,0.0,0.0,1.0,0.0,0.0,0.0,0.0,0.0,Truthful
103,104,0,10.3,0.88,1,-179.5,-170.0,941.5,0.294,0.563,0.027,0.0,0.0,1.32,0.0,0.33,0.04,0.07,1.01,0.47,0.0,0.4,1.05,0.72,0.05,0.1,0.3,0.0,0.0,0.0,1.0,0.0,0.0,0.0,0.0,0.0,0.0,0.0,0.0,0.0,1.0,0.0,0.0,0.0,0.0,0.0,Truthful
104,105,0,10.4,0.88,1,-183.0,-176.6,953.7,0.207,0.562,0.047,0.0,0.0,1.27,0.0,0.16,0.04,0.13,1.0,0.28,0.0,0.17,1.19,0.61,0.15,0.05,0.11,0.0,0.0,0.0,1.0,0.0,0.0,0.0,0.0,0.0,0.0,0.0,0.0,1.0,1.0,0.0,0.0,0.0,0.0,0.0,Truthful
105,106,0,10.5,0.88,1,-184.7,-175.4,946.4,0.201,0.57,0.068,0.0,0.0,1.19,0.0,0.02,0.0,0.2,0.68,0.05,0.0,0.06,1.53,0.36,0.28,0.0,0.12,0.0,0.0,0.0,1.0,0.0,0.0,0.0,0.0,0.0,0.0,0.0,0.0,0.0,1.0,0.0,0.0,0.0,0.0,0.0,Truthful
106,107,0,10.6,0.88,1,-184.4,-170.3,938.9,0.242,0.578,0.047,0.0,0.0,1.02,0.0,0.14,0.0,0.13,0.35,0.25,0.0,0.25,1.69,0.48,0.32,0.21,0.64,0.0,0.0,0.0,1.0,0.0,0.0,0.0,0.0,0.0,0.0,0.0,0.0,0.0,1.0,0.0,0.0,0.0,0.0,0.0,Truthful
107,108,0,10.7,0.88,1,-181.2,-158.5,916.0,0.364,0.567,-0.0,0.0,0.0,0.91,0.0,0.14,0.0,0.07,0.19,0.34,0.0,0.34,1.64,0.61,0.18,0.25,0.96,0.0,0.0,0.0,1.0,0.0,0.0,0.0,0.0,0.0,0.0,0.0,0.0,0.0,1.0,0.0,0.0,0.0,0.0,0.0,Truthful
108,109,0,10.8,0.88,1,-186.9,-156.8,938.9,0.415,0.541,-0.033,0.0,0.0,0.78,0.0,0.14,0.0,0.01,0.27,0.41,0.0,0.32,1.38,0.77,0.06,0.36,1.07,0.0,0.0,0.0,1.0,0.0,0.0,0.0,0.0,0.0,0.0,0.0,0.0,0.0,1.0,0.0,0.0,0.0,0.0,0.0,Truthful
109,110,0,10.9,0.88,1,-191.2,-157.3,951.6,0.394,0.521,-0.053,0.0,0.0,0.95,0.0,0.0,0.0,0.1,0.15,0.19,0.0,0.13,1.08,0.42,0.0,0.21,0.8,0.0,0.0,0.0,1.0,0.0,0.0,0.0,0.0,0.0,0.0,0.0,0.0,0.0,1.0,0.0,0.0,0.0,0.0,0.0,Truthful
110,111,0,11.0,0.88,1,-193.5,-159.1,952.5,0.357,0.526,-0.052,0.07,0.0,1.21,0.0,0.0,0.0,0.19,0.09,0.07,0.0,0.05,0.86,0.16,0.0,0.22,0.78,0.0,0.0,0.0,1.0,0.0,0.0,0.0,0.0,0.0,0.0,0.0,0.0,0.0,1.0,0.0,1.0,0.0,0.0,0.0,Truthful
111,112,0,11.1,0.88,1,-194.0,-162.6,952.8,0.326,0.536,-0.045,0.18,0.0,1.42,0.0,0.0,0.0,0.25,0.06,0.0,0.0,0.0,0.84,0.0,0.0,0.38,1.08,0.0,0.0,0.0,1.0,0.0,0.0,0.0,0.0,0.0,0.0,0.0,0.0,0.0,0.0,0.0,0.0,0.0,0.0,0.0,Truthful
112,113,0,11.2,0.88,1,-192.8,-163.7,944.2,0.287,0.549,-0.02,0.64,0.0,1.52,0.0,0.0,0.02,0.19,0.11,0.0,0.0,0.06,1.09,0.0,0.03,0.61,1.45,0.0,0.0,0.0,1.0,0.0,0.0,0.0,0.0,0.0,0.0,0.0,0.0,0.0,0.0,0.0,0.0,0.0,0.0,0.0,Truthful
113,114,0,11.3,0.88,1,-194.2,-169.6,945.2,0.201,0.564,0.027,1.15,0.0,1.6,0.0,0.0,0.11,0.11,0.29,0.0,0.0,0.33,1.64,0.0,0.1,0.87,1.57,0.0,0.0,0.0,1.0,0.0,0.0,0.0,0.0,0.0,0.0,0.0,1.0,1.0,0.0,0.0,0.0,0.0,0.0,0.0,Truthful
114,115,0,11.4,0.88,1,-194.9,-173.4,941.2,0.131,0.568,0.075,1.63,0.0,1.78,0.0,0.0,0.14,0.04,0.36,0.0,0.0,0.54,2.11,0.0,0.26,0.82,1.77,0.12,1.0,0.0,1.0,0.0,0.0,0.0,0.0,0.0,0.0,0.0,1.0,1.0,0.0,0.0,0.0,0.0,0.0,0.0,Truthful
115,116,0,11.5,0.88,1,-198.0,-177.0,941.5,0.086,0.558,0.098,1.72,0.0,2.17,0.0,0.0,0.12,0.05,0.32,0.0,0.0,0.62,2.26,0.0,0.44,0.82,1.98,0.12,1.0,0.0,1.0,0.0,0.0,0.0,0.0,0.0,0.0,0.0,1.0,1.0,0.0,0.0,0.0,0.0,0.0,0.0,Truthful
116,117,0,11.6,0.88,1,-200.0,-177.1,944.5,0.108,0.558,0.087,1.59,0.13,2.39,0.0,0.0,0.03,0.05,0.21,0.0,0.0,0.43,2.34,0.0,0.53,0.61,2.23,0.12,1.0,0.0,1.0,0.0,0.0,0.0,0.0,0.0,0.0,0.0,1.0,1.0,0.0,0.0,0.0,0.0,0.0,0.0,Truthful
117,118,0,11.7,0.88,1,-203.4,-175.6,956.2,0.192,0.582,0.057,1.21,0.33,2.06,0.12,0.0,0.0,0.04,0.22,0.07,0.0,0.55,2.25,0.0,0.37,0.69,1.87,0.0,1.0,1.0,1.0,0.0,0.0,0.0,0.0,0.0,0.0,0.0,1.0,1.0,0.0,0.0,0.0,0.0,0.0,0.0,Truthful
118,119,0,11.8,0.88,1,-202.0,-170.8,956.6,0.3,0.601,0.03,0.7,0.62,1.32,0.55,0.0,0.0,0.0,0.28,0.21,0.0,0.71,2.22,0.0,0.17,0.57,1.34,0.0,1.0,1.0,1.0,0.0,0.0,0.0,0.0,0.0,0.0,0.0,1.0,1.0,0.0,0.0,0.0,0.0,0.0,0.0,Truthful
119,120,0,11.9,0.88,1,-200.8,-167.2,957.9,0.394,0.638,0.006,0.25,0.6,0.72,0.98,0.14,0.33,0.0,0.4,0.37,0.0,1.08,1.78,0.0,0.0,0.64,0.87,0.0,1.0,1.0,1.0,0.0,1.0,0.0,0.0,0.0,0.0,0.0,0.0,1.0,0.0,0.0,0.0,0.0,0.0,0.0,Truthful
120,121,0,12.0,0.88,1,-197.8,-163.0,949.7,0.427,0.692,-0.005,0.05,0.47,0.54,1.01,0.21,0.65,0.0,0.34,0.44,0.0,1.21,1.57,0.0,0.01,0.39,0.51,0.0,1.0,1.0,1.0,0.0,1.0,0.0,0.0,0.0,0.0,0.0,0.0,0.0,0.0,0.0,0.0,0.0,0.0,0.0,Truthful
121,122,0,12.1,0.88,1,-197.8,-161.9,947.1,0.399,0.735,-0.004,0.0,0.33,0.49,0.68,0.24,0.79,0.0,0.34,0.43,0.0,1.55,1.5,0.0,0.08,0.24,0.27,0.0,1.0,1.0,1.0,0.0,1.0,0.0,0.0,0.0,0.0,0.0,0.0,0.0,0.0,0.0,0.0,0.0,0.0,0.0,Truthful
122,123,0,12.2,0.88,1,-195.5,-156.8,933.0,0.427,0.769,-0.016,0.0,0.39,0.33,0.47,0.18,0.57,0.0,0.36,0.48,0.0,1.76,1.57,0.0,0.08,0.4,0.18,0.0,1.0,1.0,1.0,0.0,1.0,0.0,0.0,0.0,0.0,0.0,0.0,0.0,0.0,0.0,0.0,0.0,0.0,0.0,Truthful
123,124,0,12.3,0.88,1,-192.9,-153.3,925.7,0.452,0.768,-0.031,0.0,0.43,0.21,0.55,0.17,0.25,0.0,0.53,0.56,0.0,1.92,1.56,0.0,0.07,0.7,0.29,0.0,1.0,1.0,1.0,0.0,1.0,0.0,0.0,0.0,0.0,0.0,0.0,0.0,0.0,0.0,1.0,0.0,0.0,0.0,Truthful
124,125,0,12.4,0.88,1,-191.6,-153.5,929.7,0.436,0.762,-0.036,0.0,0.51,0.23,0.53,0.17,0.11,0.0,0.66,0.59,0.0,1.87,1.31,0.0,0.0,1.14,0.29,0.0,1.0,1.0,1.0,0.0,1.0,0.0,0.0,0.0,0.0,0.0,0.0,0.0,0.0,0.0,1.0,0.0,0.0,0.0,Truthful
125,126,0,12.5,0.88,1,-190.8,-156.3,934.5,0.397,0.758,-0.026,0.27,0.33,0.99,0.31,0.12,0.22,0.0,0.68,0.38,0.0,1.45,1.07,0.0,0.0,1.38,0.35,0.0,1.0,1.0,1.0,0.0,1.0,0.0,0.0,0.0,0.0,0.0,0.0,0.0,0.0,0.0,1.0,0.0,0.0,0.0,Truthful
126,127,0,12.6,0.88,1,-191.7,-165.7,954.9,0.272,0.684,0.023,0.48,0.23,2.07,0.08,0.21,0.6,0.0,0.53,0.17,0.0,0.86,0.99,0.0,0.0,1.73,0.24,0.05,1.0,1.0,1.0,0.0,1.0,0.0,0.0,0.0,0.0,0.0,0.0,0.0,0.0,0.0,1.0,0.0,0.0,0.0,Truthful
127,128,0,12.7,0.88,1,-189.4,-172.0,959.7,0.152,0.594,0.053,0.58,0.0,3.01,0.0,0.29,1.06,0.0,0.43,0.01,0.0,0.32,1.05,0.0,0.0,1.53,0.16,0.19,0.0,1.0,1.0,0.0,1.0,0.0,0.0,0.0,0.0,0.0,0.0,0.0,0.0,0.0,1.0,0.0,0.0,0.0,Truthful
128,129,0,12.8,0.88,1,-188.0,-180.8,972.7,0.07,0.536,0.101,0.3,0.0,3.36,0.0,0.39,1.23,0.0,0.25,0.01,0.0,0.07,1.07,0.09,0.0,0.96,0.0,0.44,0.0,0.0,1.0,0.0,1.0,0.0,0.0,0.0,0.0,0.0,0.0,0.0,0.0,0.0,1.0,0.0,0.0,0.0,Truthful
129,130,0,12.9,0.98,1,-182.0,-185.5,964.3,-0.074,0.496,0.139,0.09,0.0,2.41,0.0,0.28,1.18,0.17,0.16,0.0,0.02,0.04,0.85,0.22,0.0,0.26,0.0,0.54,0.0,0.0,1.0,0.0,1.0,0.0,0.0,0.0,0.0,0.0,0.0,0.0,0.0,0.0,0.0,0.0,0.0,0.0,Truthful
130,131,0,13.0,0.82,1,-173.6,-185.1,943.9,-0.143,0.481,0.154,0.0,0.0,1.76,0.11,0.22,0.95,0.54,0.07,0.0,0.02,0.0,0.61,0.4,0.0,0.0,0.0,0.93,0.0,0.0,1.0,0.0,0.0,0.0,0.0,0.0,0.0,0.0,0.0,0.0,0.0,0.0,0.0,0.0,0.0,0.0,Truthful
131,132,0,13.1,0.98,1,-150.5,-194.3,927.8,-0.055,0.359,0.285,0.0,0.0,0.9,0.11,0.08,0.63,0.78,0.09,0.0,0.09,0.0,0.36,0.36,0.0,0.0,0.0,1.12,0.0,0.0,1.0,0.0,0.0,0.0,0.0,0.0,0.0,0.0,0.0,0.0,1.0,0.0,0.0,0.0,0.0,0.0,Truthful
132,133,0,13.2,0.88,1,-150.9,-193.7,921.3,-0.08,0.37,0.328,0.0,0.0,0.97,0.11,0.04,0.41,0.8,0.37,0.0,0.07,0.0,0.16,0.33,0.0,0.0,0.0,1.12,0.0,0.0,1.0,0.0,0.0,0.0,0.0,0.0,0.0,0.0,0.0,0.0,1.0,0.0,0.0,0.0,0.0,0.0,Truthful
133,134,0,13.3,0.88,1,-153.6,-192.1,919.5,-0.052,0.424,0.353,0.13,0.0,0.87,0.0,0.08,0.17,0.64,0.74,0.05,0.07,0.0,0.0,0.39,0.0,0.0,0.0,0.59,0.0,0.0,1.0,0.0,0.0,0.0,0.0,0.0,0.0,0.0,0.0,0.0,1.0,0.0,0.0,0.0,0.0,0.0,Truthful
134,135,0,13.4,0.88,1,-155.9,-191.3,925.6,-0.038,0.496,0.404,0.35,0.0,1.08,0.0,0.12,0.1,0.58,0.94,0.15,0.0,0.0,0.0,0.59,0.0,0.0,0.0,0.14,0.0,0.0,1.0,0.0,0.0,0.0,0.0,0.0,0.0,0.0,0.0,0.0,1.0,0.0,0.0,0.0,0.0,0.0,Truthful
135,136,0,13.5,0.88,1,-158.6,-190.2,927.6,-0.008,0.535,0.427,0.68,0.07,1.18,0.0,0.16,0.0,0.57,0.83,0.18,0.0,0.0,0.13,0.54,0.0,0.03,0.0,0.0,0.0,0.0,1.0,0.0,0.0,0.0,0.0,0.0,0.0,0.0,0.0,0.0,1.0,0.0,0.0,0.0,0.0,0.0,Truthful
136,137,0,13.6,0.88,1,-165.7,-195.6,941.6,-0.024,0.517,0.464,0.85,0.14,1.22,0.0,0.11,0.0,0.47,0.63,0.2,0.0,0.0,0.22,0.55,0.0,0.24,0.0,0.0,0.0,0.0,1.0,0.0,0.0,0.0,0.0,0.0,0.0,0.0,0.0,0.0,1.0,0.0,0.0,0.0,0.0,0.0,Truthful
137,138,0,13.7,0.88,1,-169.9,-192.6,944.3,-0.001,0.544,0.457,0.7,0.47,1.03,0.0,0.07,0.0,0.3,0.63,0.13,0.0,0.0,0.57,0.6,0.09,0.27,0.0,0.0,0.0,0.0,1.0,0.0,0.0,0.0,0.0,0.0,0.0,0.0,0.0,0.0,1.0,0.0,0.0,0.0,0.0,0.0,Truthful
138,139,0,13.8,0.88,1,-171.7,-183.5,933.0,0.067,0.59,0.442,0.37,0.57,1.07,0.0,0.12,0.04,0.13,0.74,0.15,0.0,0.0,0.93,0.76,0.19,0.23,0.14,0.07,0.0,1.0,1.0,0.0,0.0,0.0,0.0,0.0,0.0,0.0,0.0,0.0,0.0,0.0,0.0,0.0,0.0,0.0,Truthful
139,140,0,13.9,0.88,1,-171.5,-173.1,918.1,0.15,0.617,0.392,0.07,0.57,1.1,0.0,0.2,0.12,0.05,0.86,0.11,0.0,0.07,1.43,0.5,0.23,0.02,0.32,0.23,0.0,1.0,1.0,0.0,0.0,0.0,0.0,0.0,0.0,0.0,0.0,0.0,0.0,0.0,0.0,0.0,0.0,0.0,Truthful
140,141,0,14.0,0.88,1,-173.1,-166.7,919.2,0.182,0.637,0.358,0.15,0.29,1.21,0.0,0.2,0.12,0.05,0.69,0.07,0.0,0.07,1.61,0.21,0.13,0.0,0.8,0.38,0.0,1.0,1.0,0.0,0.0,0.0,0.0,0.0,0.0,0.0,0.0,0.0,0.0,0.0,0.0,0.0,0.0,0.0,Truthful
141,142,0,14.1,0.88,1,-178.7,-168.4,934.8,0.141,0.617,0.382,0.2,0.17,1.11,0.0,0.13,0.08,0.14,0.49,0.03,0.0,0.07,1.47,0.0,0.04,0.02,0.74,0.51,0.0,1.0,1.0,0.0,0.0,0.0,0.0,0.0,0.0,0.0,0.0,0.0,0.0,0.0,0.0,0.0,0.0,0.0,Truthful
142,143,0,14.2,0.88,1,-183.9,-175.1,957.2,0.076,0.575,0.412,0.23,0.14,1.08,0.0,0.07,0.05,0.16,0.35,0.04,0.0,0.0,1.0,0.0,0.0,0.08,0.64,0.51,0.0,1.0,1.0,0.0,0.0,0.0,0.0,0.0,0.0,0.0,0.0,0.0,0.0,0.0,0.0,0.0,0.0,0.0,Truthful
143,144,0,14.3,0.88,1,-185.9,-176.5,967.9,0.081,0.572,0.415,0.07,0.09,1.0,0.0,0.15,0.14,0.16,0.33,0.12,0.0,0.21,0.61,0.0,0.0,0.08,0.33,0.36,0.0,1.0,1.0,0.0,0.0,0.0,0.0,0.0,0.0,0.0,0.0,0.0,0.0,0.0,0.0,0.0,0.0,0.0,Truthful
144,145,0,14.4,0.88,1,-187.1,-172.5,971.8,0.165,0.583,0.374,0.05,0.07,1.09,0.0,0.14,0.14,0.06,0.26,0.17,0.0,0.36,0.51,0.0,0.04,0.17,0.68,0.16,0.0,1.0,1.0,0.0,0.0,0.0,0.0,0.0,0.0,0.0,0.0,0.0,0.0,0.0,0.0,0.0,0.0,0.0,Truthful
145,146,0,14.5,0.88,1,-182.1,-164.5,951.9,0.217,0.615,0.321,0.08,0.02,0.93,0.0,0.09,0.09,0.0,0.09,0.14,0.0,0.35,0.43,0.0,0.04,0.28,1.07,0.0,0.0,1.0,1.0,0.0,0.0,0.0,0.0,0.0,0.0,0.0,0.0,0.0,0.0,0.0,0.0,0.0,0.0,0.0,Truthful
146,147,0,14.6,0.88,1,-183.3,-163.9,955.7,0.222,0.599,0.308,0.08,0.02,0.81,0.0,0.01,0.0,0.02,0.0,0.1,0.0,0.21,0.32,0.0,0.04,0.32,1.16,0.0,0.0,1.0,1.0,0.0,0.0,0.0,0.0,0.0,0.0,0.0,0.0,0.0,0.0,0.0,0.0,0.0,0.0,0.0,Truthful
147,148,0,14.7,0.88,1,-184.9,-165.1,961.4,0.207,0.581,0.316,0.05,0.0,0.61,0.0,0.0,0.0,0.03,0.0,0.06,0.0,0.05,0.12,0.0,0.0,0.21,0.89,0.0,0.0,1.0,1.0,0.0,0.0,0.0,0.0,0.0,0.0,0.0,0.0,0.0,0.0,0.0,0.0,0.0,0.0,0.0,Truthful
148,149,0,14.8,0.88,1,-185.8,-165.8,964.1,0.203,0.573,0.316,0.0,0.0,0.57,0.0,0.0,0.0,0.07,0.03,0.19,0.0,0.22,0.41,0.0,0.03,0.28,0.91,0.0,0.0,1.0,1.0,0.0,0.0,0.0,0.0,0.0,0.0,0.0,0.0,0.0,0.0,0.0,0.0,0.0,0.0,0.0,Truthful
149,150,0,14.9,0.88,1,-182.2,-162.3,946.9,0.213,0.603,0.299,0.12,0.0,0.65,0.0,0.0,0.0,0.12,0.09,0.35,0.0,0.17,0.73,0.14,0.03,0.67,1.29,0.0,0.0,1.0,1.0,0.0,0.0,0.0,0.0,0.0,0.0,0.0,0.0,0.0,0.0,0.0,1.0,0.0,0.0,0.0,Truthful
150,151,0,15.0,0.88,1,-180.7,-162.1,926.7,0.181,0.608,0.3,0.12,0.0,0.89,0.0,0.05,0.0,0.1,0.28,0.58,0.0,0.17,0.76,0.14,0.03,1.01,1.79,0.08,0.0,1.0,1.0,0.0,0.0,0.0,0.0,0.0,0.0,0.0,0.0,0.0,0.0,0.0,1.0,0.0,0.0,0.0,Truthful
151,152,0,15.1,0.88,1,-182.6,-167.5,932.4,0.19,0.589,0.283,0.12,0.0,1.07,0.0,0.17,0.0,0.06,0.38,0.76,0.0,0.0,0.44,0.14,0.03,0.84,1.52,0.08,0.0,1.0,1.0,0.0,0.0,0.0,0.0,1.0,0.0,0.0,0.0,0.0,0.0,0.0,1.0,0.0,0.0,0.0,Truthful
152,153,0,15.2,0.88,1,-188.3,-173.6,954.6,0.188,0.541,0.279,0.0,0.0,1.12,0.0,0.24,0.0,0.0,0.37,0.8,0.0,0.0,0.19,0.0,0.17,0.41,0.86,0.25,0.0,1.0,1.0,0.0,0.0,0.0,0.0,1.0,0.0,0.0,0.0,0.0,0.0,0.0,1.0,0.0,0.0,0.0,Truthful
153,154,0,15.3,0.88,1,-192.8,-171.1,964.6,0.259,0.536,0.224,0.0,0.0,0.99,0.0,0.28,0.0,0.0,0.32,0.85,0.0,0.07,0.23,0.0,0.33,0.26,0.48,0.42,0.0,1.0,1.0,0.0,0.0,0.0,0.0,1.0,0.0,0.0,0.0,0.0,0.0,0.0,1.0,0.0,0.0,0.0,Truthful
154,155,0,15.4,0.88,1,-194.0,-166.6,967.9,0.307,0.556,0.164,0.0,0.0,0.98,0.0,0.2,0.0,0.04,0.19,0.59,0.0,0.15,0.42,0.0,0.3,0.47,0.38,0.6,0.0,1.0,1.0,0.0,1.0,0.0,0.0,1.0,0.0,1.0,0.0,0.0,0.0,0.0,1.0,0.0,0.0,0.0,Truthful
155,156,0,15.5,0.88,1,-196.6,-161.9,966.2,0.333,0.586,0.144,0.0,0.0,1.0,0.0,0.17,0.0,0.06,0.14,0.38,0.0,0.2,0.54,0.0,0.16,0.81,0.45,0.55,0.0,1.0,1.0,0.0,1.0,0.0,0.0,1.0,0.0,1.0,0.0,0.0,0.0,0.0,1.0,0.0,0.0,0.0,Truthful
156,157,0,15.6,0.88,1,-199.7,-162.9,974.1,0.31,0.589,0.149,0.06,0.0,1.05,0.0,0.2,0.0,0.06,0.12,0.39,0.0,0.15,0.89,0.0,0.0,1.31,0.57,0.29,0.0,1.0,1.0,0.0,1.0,0.0,0.0,1.0,0.0,1.0,0.0,0.0,0.0,0.0,1.0,0.0,0.0,0.0,Truthful
157,158,0,15.7,0.88,1,-193.4,-157.2,944.4,0.329,0.637,0.137,0.11,0.0,1.12,0.03,0.27,0.0,0.01,0.3,0.67,0.0,0.2,1.1,0.0,0.0,1.81,0.72,0.11,0.0,1.0,1.0,0.0,1.0,0.0,0.0,1.0,0.0,1.0,0.0,0.0,0.0,0.0,1.0,0.0,0.0,0.0,Truthful
158,159,0,15.8,0.88,1,-192.0,-156.3,940.8,0.325,0.631,0.14,0.19,0.18,1.19,0.09,0.35,0.0,0.0,0.49,0.97,0.02,0.2,1.2,0.0,0.0,2.14,0.96,0.0,0.0,1.0,1.0,0.0,1.0,0.0,0.0,0.0,0.0,0.0,0.0,0.0,0.0,0.0,1.0,0.0,0.0,0.0,Truthful
159,160,0,15.9,0.88,1,-191.5,-156.5,940.6,0.314,0.631,0.151,0.16,0.28,1.19,0.09,0.23,0.0,0.0,0.46,0.78,0.02,0.18,0.87,0.0,0.0,1.99,0.79,0.0,0.0,1.0,1.0,0.0,1.0,0.0,0.0,0.0,0.0,0.0,0.0,0.0,0.0,0.0,1.0,0.0,0.0,0.0,Truthful
160,161,0,16.0,0.88,1,-194.1,-161.9,954.3,0.271,0.611,0.19,0.22,0.35,1.29,0.06,0.12,0.13,0.0,0.53,0.48,0.02,0.09,0.75,0.0,0.0,1.49,0.58,0.11,0.0,1.0,1.0,0.0,0.0,0.0,0.0,0.0,0.0,0.0,0.0,0.0,0.0,0.0,1.0,0.0,0.0,0.0,Truthful
161,162,0,16.1,0.93,1,-196.0,-165.4,962.2,0.207,0.616,0.23,0.18,0.16,1.69,0.0,0.0,0.38,0.12,0.54,0.19,0.0,0.04,0.94,0.0,0.29,0.83,0.65,0.2,0.0,1.0,1.0,0.0,0.0,0.0,0.0,0.0,0.0,0.0,0.0,0.0,0.0,0.0,1.0,0.0,0.0,0.0,Truthful
162,163,0,16.2,0.88,1,-197.9,-174.2,973.9,0.103,0.532,0.26,0.15,0.06,2.11,0.0,0.0,0.39,0.21,0.61,0.08,0.0,0.04,1.33,0.0,0.49,0.36,0.76,0.34,0.0,0.0,1.0,0.0,0.0,0.0,0.0,0.0,0.0,0.0,0.0,0.0,0.0,0.0,0.0,0.0,0.0,0.0,Truthful
163,164,0,16.3,0.88,1,-196.8,-180.1,972.2,0.007,0.493,0.309,0.09,0.0,2.17,0.0,0.0,0.26,0.27,0.46,0.08,0.0,0.0,1.5,0.0,0.57,0.2,0.99,0.41,0.0,0.0,1.0,0.0,0.0,0.0,0.0,0.0,0.0,0.0,0.0,0.0,0.0,0.0,0.0,0.0,0.0,0.0,Truthful
164,165,0,16.4,0.88,1,-192.6,-180.0,956.2,-0.027,0.497,0.365,0.23,0.0,1.87,0.0,0.0,0.01,0.15,0.33,0.04,0.0,0.0,1.53,0.0,0.28,0.52,0.88,0.43,0.0,0.0,1.0,0.0,0.0,0.0,0.0,0.0,0.0,0.0,0.0,0.0,0.0,0.0,0.0,0.0,0.0,0.0,Truthful
165,166,0,16.5,0.88,1,-190.1,-178.9,947.8,-0.016,0.541,0.416,0.38,0.0,1.57,0.0,0.0,0.0,0.06,0.35,0.08,0.0,0.0,1.33,0.0,0.08,0.84,0.73,0.36,0.0,0.0,1.0,0.0,0.0,0.0,0.0,0.0,0.0,0.0,0.0,0.0,0.0,0.0,0.0,0.0,0.0,0.0,Truthful
166,167,0,16.6,0.93,1,-188.1,-176.9,947.1,0.055,0.567,0.416,0.34,0.0,1.4,0.0,0.11,0.0,0.0,0.43,0.18,0.0,0.0,1.08,0.0,0.0,1.16,0.64,0.33,0.0,0.0,1.0,0.0,0.0,0.0,0.0,0.0,0.0,0.0,0.0,0.0,0.0,0.0,0.0,0.0,0.0,0.0,Truthful
167,168,0,16.7,0.88,1,-187.2,-175.6,945.9,0.078,0.569,0.422,0.15,0.0,1.33,0.0,0.22,0.01,0.0,0.53,0.31,0.0,0.0,0.79,0.0,0.0,1.33,0.61,0.47,0.0,0.0,1.0,0.0,1.0,0.0,0.0,0.0,0.0,1.0,0.0,0.0,0.0,0.0,1.0,0.0,0.0,1.0,Truthful
168,169,0,16.8,0.88,1,-185.6,-174.0,939.0,0.075,0.569,0.428,0.0,0.0,1.29,0.0,0.38,0.1,0.0,0.47,0.39,0.03,0.0,0.67,0.0,0.0,1.49,0.84,0.6,0.0,0.0,1.0,0.0,1.0,0.0,0.0,0.0,0.0,1.0,0.0,0.0,0.0,0.0,1.0,0.0,0.0,1.0,Truthful
169,170,0,16.9,0.88,1,-181.9,-170.0,922.6,0.089,0.589,0.424,0.0,0.0,1.22,0.0,0.39,0.1,0.0,0.31,0.32,0.09,0.0,0.78,0.0,0.0,1.54,1.2,0.8,0.0,0.0,1.0,0.0,1.0,0.0,0.0,0.0,0.0,1.0,0.0,0.0,0.0,0.0,1.0,0.0,0.0,1.0,Truthful
170,171,0,17.0,0.88,1,-184.7,-167.7,935.4,0.149,0.594,0.402,0.0,0.01,1.06,0.0,0.28,0.08,0.0,0.13,0.18,0.09,0.0,0.69,0.02,0.0,1.23,1.23,0.78,0.0,1.0,1.0,0.0,1.0,0.0,0.0,0.0,0.0,1.0,0.0,0.0,0.0,0.0,1.0,0.0,0.0,1.0,Truthful
171,172,0,17.1,0.88,1,-192.9,-171.4,973.6,0.146,0.561,0.399,0.0,0.05,0.86,0.0,0.13,0.0,0.03,0.02,0.06,0.06,0.0,0.45,0.02,0.0,0.67,0.87,0.71,0.0,1.0,1.0,0.0,0.0,0.0,0.0,0.0,0.0,1.0,0.0,0.0,0.0,0.0,0.0,0.0,0.0,0.0,Truthful
172,173,0,17.2,0.88,1,-195.7,-174.3,989.4,0.116,0.52,0.421,0.0,0.23,0.8,0.0,0.01,0.0,0.03,0.0,0.0,0.0,0.0,0.16,0.02,0.0,0.18,0.3,0.37,0.0,1.0,1.0,0.0,0.0,0.0,0.0,0.0,0.0,1.0,0.0,0.0,0.0,0.0,0.0,0.0,0.0,0.0,Truthful
173,174,0,17.3,0.88,1,-195.3,-176.3,1000.7,0.099,0.485,0.422,0.0,0.31,0.77,0.0,0.0,0.0,0.03,0.0,0.01,0.0,0.0,0.0,0.0,0.0,0.01,0.05,0.15,0.0,1.0,1.0,0.0,0.0,0.0,0.0,0.0,0.0,1.0,0.0,0.0,0.0,0.0,0.0,0.0,0.0,0.0,Truthful
174,175,0,17.4,0.82,1,-193.5,-175.6,1003.0,0.113,0.475,0.422,0.0,0.27,0.8,0.0,0.0,0.0,0.0,0.0,0.05,0.0,0.0,0.02,0.19,0.05,0.11,0.0,0.01,0.0,1.0,1.0,0.0,0.0,0.0,0.0,0.0,0.0,0.0,0.0,0.0,0.0,0.0,0.0,0.0,0.0,0.0,Truthful
175,176,0,17.5,0.82,1,-189.6,-172.9,989.2,0.125,0.499,0.423,0.0,0.19,0.68,0.0,0.0,0.0,0.0,0.0,0.18,0.0,0.0,0.02,0.39,0.05,0.28,0.0,0.01,0.0,1.0,1.0,0.0,0.0,0.0,0.0,0.0,0.0,0.0,0.0,0.0,0.0,0.0,0.0,0.0,0.0,0.0,Truthful
176,177,0,17.6,0.88,1,-187.3,-173.8,986.0,0.119,0.485,0.425,0.0,0.19,0.59,0.0,0.0,0.0,0.05,0.0,0.24,0.0,0.0,0.02,0.39,0.05,0.35,0.0,0.01,0.0,1.0,1.0,0.0,0.0,0.0,0.0,0.0,0.0,0.0,0.0,0.0,0.0,0.0,0.0,0.0,0.0,0.0,Truthful
177,178,0,17.7,0.88,1,-187.0,-181.0,1000.3,0.061,0.47,0.451,0.05,0.32,0.57,0.0,0.0,0.0,0.14,0.0,0.23,0.0,0.0,0.0,0.2,0.0,0.24,0.0,0.01,0.0,0.0,1.0,0.0,0.0,0.0,0.0,0.0,0.0,0.0,0.0,0.0,0.0,0.0,0.0,0.0,0.0,0.0,Truthful
178,179,0,17.8,0.93,1,-184.0,-183.6,995.1,0.027,0.471,0.474,0.09,0.22,0.8,0.0,0.0,0.15,0.14,0.0,0.09,0.0,0.0,0.04,0.0,0.01,0.07,0.05,0.01,0.0,0.0,1.0,0.0,0.0,0.0,0.0,0.0,0.0,0.0,0.0,0.0,0.0,0.0,0.0,0.0,0.0,0.0,Truthful
179,180,0,17.9,0.88,1,-178.8,-187.0,990.6,-0.02,0.481,0.507,0.19,0.13,1.02,0.0,0.0,0.15,0.09,0.0,0.03,0.0,0.0,0.08,0.0,0.01,0.0,0.2,0.01,0.0,0.0,1.0,0.0,0.0,0.0,0.0,0.0,0.0,0.0,0.0,0.0,0.0,0.0,0.0,0.0,0.0,0.0,Truthful
180,181,0,18.0,0.88,1,-173.5,-185.0,973.8,0.003,0.494,0.503,0.14,0.0,1.14,0.0,0.0,0.15,0.0,0.0,0.0,0.0,0.0,0.2,0.0,0.01,0.0,0.28,0.12,0.0,0.0,1.0,0.0,0.0,0.0,0.0,0.0,0.0,0.0,0.0,0.0,0.0,0.0,0.0,0.0,0.0,0.0,Truthful
181,182,0,18.1,0.88,1,-169.3,-184.1,961.1,0.006,0.503,0.501,0.19,0.0,1.1,0.0,0.0,0.02,0.06,0.08,0.07,0.0,0.0,0.3,0.0,0.0,0.0,0.6,0.11,0.0,0.0,1.0,0.0,0.0,0.0,0.0,0.0,0.0,0.0,0.0,0.0,0.0,0.0,0.0,0.0,0.0,0.0,Truthful
182,183,0,18.2,0.88,1,-165.7,-183.2,943.8,-0.003,0.524,0.492,0.18,0.0,1.03,0.0,0.0,0.02,0.11,0.08,0.13,0.0,0.0,0.27,0.11,0.0,0.0,0.92,0.11,0.0,0.0,1.0,0.0,0.0,0.0,0.0,0.0,0.0,0.0,0.0,0.0,0.0,0.0,0.0,0.0,0.0,0.0,Truthful
183,184,0,18.3,0.93,1,-163.9,-181.2,930.8,0.021,0.544,0.476,0.24,0.0,1.0,0.0,0.0,0.02,0.16,0.1,0.16,0.0,0.0,0.25,0.25,0.01,0.02,1.36,0.06,0.0,0.0,1.0,0.0,0.0,0.0,0.0,0.0,0.0,0.0,0.0,0.0,0.0,0.0,0.0,0.0,0.0,0.0,Truthful
184,185,0,18.4,0.93,1,-164.6,-180.2,934.3,0.049,0.565,0.458,0.2,0.0,0.98,0.0,0.0,0.0,0.1,0.1,0.15,0.0,0.03,0.29,0.32,0.12,0.18,1.59,0.17,0.0,0.0,1.0,0.0,0.0,0.0,0.0,0.0,0.0,0.0,0.0,0.0,0.0,0.0,0.0,0.0,0.0,0.0,Truthful
185,186,0,18.5,0.88,1,-163.5,-177.5,930.9,0.08,0.585,0.433,0.11,0.0,0.91,0.0,0.0,0.0,0.05,0.17,0.16,0.0,0.03,0.29,0.36,0.12,0.18,1.19,0.32,0.0,0.0,1.0,0.0,0.0,0.0,0.0,0.0,0.0,0.0,0.0,0.0,0.0,0.0,0.0,0.0,0.0,1.0,Truthful
186,187,0,18.6,0.93,1,-166.5,-181.0,948.1,0.084,0.549,0.429,0.06,0.0,0.84,0.0,0.0,0.0,0.08,0.25,0.18,0.0,0.03,0.19,0.33,0.11,0.15,0.66,0.26,0.0,0.0,1.0,0.0,0.0,0.0,0.0,0.0,0.0,0.0,0.0,0.0,0.0,0.0,0.0,0.0,0.0,1.0,Truthful
187,188,0,18.7,0.93,1,-169.9,-185.9,961.6,0.079,0.515,0.422,0.0,0.0,0.89,0.0,0.0,0.0,0.08,0.17,0.16,0.0,0.0,0.0,0.34,0.01,0.0,0.07,0.16,0.0,0.0,1.0,0.0,0.0,0.0,0.0,0.0,0.0,0.0,0.0,0.0,0.0,0.0,0.0,0.0,0.0,1.0,Truthful
188,189,0,18.8,0.93,1,-168.7,-185.1,951.5,0.092,0.52,0.405,0.0,0.0,0.98,0.0,0.0,0.0,0.08,0.19,0.08,0.0,0.0,0.0,0.25,0.01,0.0,0.0,0.13,0.0,0.0,1.0,0.0,0.0,0.0,0.0,0.0,0.0,0.0,0.0,0.0,0.0,0.0,0.0,0.0,0.0,1.0,Truthful
189,190,0,18.9,0.93,1,-171.4,-189.4,953.8,0.078,0.506,0.391,0.0,0.0,0.9,0.0,0.0,0.0,0.0,0.2,0.04,0.0,0.0,0.02,0.14,0.01,0.0,0.0,0.14,0.0,0.0,1.0,0.0,0.0,0.0,0.0,0.0,0.0,0.0,0.0,0.0,0.0,0.0,0.0,0.0,0.0,1.0,Truthful
190,191,0,19.0,0.93,1,-173.7,-192.3,960.0,0.077,0.503,0.365,0.0,0.0,0.85,0.0,0.0,0.16,0.07,0.57,0.0,0.0,0.01,0.4,0.27,0.08,0.04,0.07,0.13,0.0,0.0,1.0,0.0,0.0,0.0,0.0,0.0,0.0,0.0,0.0,0.0,0.0,0.0,0.0,0.0,0.0,1.0,Truthful
191,192,0,19.1,0.88,1,-172.7,-190.9,928.9,0.033,0.552,0.364,0.0,0.0,0.82,0.0,0.0,0.16,0.13,0.93,0.13,0.0,0.19,1.03,0.35,0.27,0.48,0.69,0.01,0.0,0.0,1.0,0.0,0.0,0.0,0.0,0.0,0.0,0.0,0.0,1.0,0.0,0.0,0.0,0.0,0.0,0.0,Truthful
192,193,0,19.2,0.93,1,-173.7,-190.3,918.8,0.045,0.607,0.341,0.0,0.0,0.96,0.0,0.0,0.32,0.25,1.38,0.29,0.0,0.42,1.73,0.58,0.46,0.96,1.48,0.0,0.0,0.0,1.0,0.0,0.0,0.0,0.0,0.0,0.0,0.0,1.0,1.0,0.0,0.0,0.0,0.0,0.0,0.0,Truthful
193,194,0,19.3,0.93,1,-175.1,-188.8,916.7,0.085,0.628,0.305,0.0,0.0,0.95,0.0,0.0,0.28,0.25,1.49,0.44,0.0,0.7,2.1,0.58,0.59,1.2,2.06,0.0,0.0,0.0,1.0,0.0,0.0,0.0,0.0,1.0,0.0,0.0,1.0,1.0,0.0,0.0,0.0,0.0,0.0,0.0,Truthful
194,195,0,19.4,0.93,1,-176.7,-187.6,917.8,0.111,0.628,0.282,0.0,0.0,1.01,0.0,0.0,0.46,0.27,1.48,0.39,0.0,0.81,2.23,0.5,0.62,1.04,2.11,0.0,0.0,0.0,1.0,0.0,0.0,0.0,0.0,1.0,0.0,0.0,1.0,1.0,0.0,0.0,1.0,0.0,0.0,0.0,Truthful
195,196,0,19.5,0.93,1,-178.1,-185.2,918.1,0.139,0.63,0.252,0.08,0.0,1.15,0.0,0.01,0.3,0.15,1.47,0.29,0.0,0.86,2.33,0.47,0.48,0.88,1.77,0.0,0.0,0.0,1.0,0.0,0.0,0.0,0.0,1.0,0.0,0.0,1.0,1.0,0.0,0.0,1.0,0.0,0.0,0.0,Truthful
196,197,0,19.6,0.88,1,-176.7,-177.8,902.9,0.223,0.654,0.192,0.42,0.0,1.39,0.0,0.01,0.19,0.07,1.35,0.15,0.0,0.85,2.47,0.46,0.26,1.12,1.58,0.0,0.0,0.0,1.0,0.0,0.0,0.0,0.0,0.0,0.0,0.0,1.0,1.0,0.0,0.0,0.0,0.0,0.0,0.0,Truthful
197,198,0,19.7,0.88,1,-177.8,-175.1,896.7,0.212,0.659,0.177,0.59,0.0,1.67,0.0,0.01,0.0,0.0,1.09,0.06,0.0,0.58,2.4,0.47,0.05,1.25,1.41,0.0,0.0,0.0,1.0,0.0,0.0,0.0,0.0,0.0,0.0,0.0,1.0,1.0,0.0,0.0,0.0,0.0,0.0,0.0,Truthful
198,199,0,19.8,0.88,1,-181.6,-172.9,902.4,0.243,0.645,0.147,0.58,0.0,1.74,0.0,0.0,0.0,0.0,0.63,0.0,0.0,0.37,2.16,0.55,0.0,1.41,1.12,0.0,0.0,0.0,1.0,0.0,0.0,0.0,0.0,0.0,0.0,0.0,1.0,1.0,0.0,0.0,1.0,0.0,0.0,0.0,Truthful
199,200,0,19.9,0.88,1,-186.9,-171.6,915.8,0.284,0.615,0.114,0.25,0.0,1.64,0.0,0.14,0.0,0.0,0.4,0.0,0.0,0.26,1.82,0.59,0.04,1.08,0.71,0.0,0.0,0.0,1.0,0.0,0.0,0.0,0.0,0.0,0.0,0.0,0.0,1.0,0.0,0.0,1.0,0.0,0.0,0.0,Truthful
200,201,0,20.0,0.88,1,-187.8,-164.8,910.7,0.344,0.602,0.066,0.07,0.0,1.4,0.0,0.23,0.0,0.0,0.25,0.0,0.0,0.39,1.63,0.89,0.04,0.92,0.27,0.0,0.0,0.0,1.0,0.0,0.0,0.0,0.0,0.0,0.0,0.0,0.0,1.0,0.0,0.0,0.0,0.0,0.0,0.0,Truthful
201,202,0,20.1,0.88,1,-190.4,-161.3,913.2,0.35,0.613,0.045,0.0,0.0,1.32,0.0,0.27,0.0,0.0,0.3,0.0,0.0,0.43,1.55,0.9,0.04,0.52,0.11,0.0,0.0,1.0,1.0,0.0,0.0,0.0,0.0,0.0,0.0,0.0,0.0,1.0,1.0,0.0,0.0,0.0,0.0,0.0,Truthful
202,203,0,20.2,0.88,1,-194.4,-164.2,930.2,0.33,0.608,0.04,0.15,0.03,1.21,0.0,0.14,0.0,0.0,0.25,0.0,0.0,0.53,1.53,0.83,0.0,0.54,0.07,0.0,0.0,1.0,1.0,0.0,0.0,0.0,0.0,0.0,0.0,0.0,0.0,1.0,1.0,0.0,0.0,0.0,0.0,0.0,Truthful
203,204,0,20.3,0.88,1,-197.2,-168.0,940.0,0.302,0.604,0.04,0.27,0.03,1.27,0.0,0.04,0.0,0.0,0.34,0.0,0.0,0.57,1.53,0.55,0.0,0.51,0.15,0.0,0.0,1.0,1.0,0.0,0.0,0.0,0.0,0.0,0.0,0.0,0.0,1.0,1.0,0.0,0.0,0.0,0.0,0.0,Truthful
204,205,0,20.4,0.88,1,-198.6,-169.7,947.4,0.302,0.605,0.025,0.28,0.03,1.08,0.0,0.0,0.0,0.0,0.42,0.0,0.0,0.88,1.65,0.34,0.0,0.44,0.43,0.0,0.0,1.0,1.0,0.0,0.0,0.0,0.0,0.0,0.0,0.0,0.0,1.0,0.0,0.0,0.0,0.0,0.0,0.0,Truthful
205,206,0,20.5,0.88,1,-196.4,-167.3,939.2,0.328,0.623,-0.004,0.13,0.0,1.02,0.0,0.0,0.0,0.0,0.36,0.0,0.0,0.92,2.17,0.22,0.07,0.22,0.68,0.0,1.0,1.0,1.0,0.0,0.0,0.0,0.0,0.0,0.0,0.0,0.0,1.0,0.0,0.0,0.0,0.0,0.0,0.0,Truthful
206,207,0,20.6,0.88,1,-191.2,-160.6,916.6,0.381,0.66,-0.039,0.01,0.0,0.85,0.0,0.01,0.0,0.0,0.47,0.06,0.0,0.9,2.56,0.13,0.1,0.1,0.66,0.0,1.0,1.0,1.0,0.0,0.0,0.0,0.0,0.0,0.0,0.0,0.0,1.0,0.0,0.0,0.0,0.0,0.0,0.0,Truthful
207,208,0,20.7,0.88,1,-188.9,-159.6,907.5,0.377,0.659,-0.045,0.1,0.0,1.01,0.0,0.01,0.0,0.0,0.34,0.06,0.0,1.03,2.87,0.06,0.15,0.21,0.75,0.0,1.0,1.0,1.0,0.0,0.0,0.0,0.0,0.0,0.0,0.0,0.0,1.0,0.0,0.0,1.0,0.0,0.0,0.0,Truthful
208,209,0,20.8,0.88,1,-188.3,-162.6,896.8,0.28,0.686,-0.007,0.44,0.0,1.17,0.0,0.01,0.0,0.0,0.31,0.06,0.0,1.05,2.72,0.0,0.11,0.43,1.38,0.0,1.0,1.0,1.0,0.0,0.0,0.0,0.0,0.0,0.0,0.0,0.0,1.0,0.0,0.0,1.0,0.0,0.0,0.0,Truthful
209,210,0,20.9,0.88,1,-190.2,-169.4,903.2,0.157,0.667,0.026,0.73,0.0,1.57,0.0,0.0,0.0,0.06,0.07,0.0,0.0,0.98,2.47,0.08,0.08,0.36,1.61,0.0,1.0,0.0,1.0,0.0,1.0,0.0,0.0,0.0,0.0,0.0,0.0,1.0,0.0,0.0,1.0,0.0,0.0,0.0,Truthful
210,211,0,21.0,0.88,1,-195.3,-179.9,924.8,0.067,0.655,0.071,0.87,0.0,1.9,0.0,0.0,0.0,0.17,0.07,0.0,0.0,0.49,2.34,0.3,0.08,0.24,1.55,0.0,1.0,0.0,1.0,0.0,1.0,0.0,0.0,0.0,0.0,0.0,0.0,1.0,0.0,0.0,1.0,0.0,0.0,0.0,Truthful
211,212,0,21.1,0.88,1,-199.6,-186.3,939.2,0.034,0.653,0.105,0.76,0.0,2.07,0.0,0.0,0.0,0.19,0.07,0.0,0.0,0.17,2.06,0.3,0.15,0.02,1.22,0.07,1.0,0.0,1.0,0.0,1.0,0.0,0.0,0.0,0.0,0.0,0.0,1.0,0.0,0.0,1.0,0.0,0.0,0.0,Truthful
212,213,0,21.2,0.88,1,-205.7,-192.5,961.8,0.026,0.665,0.121,0.59,0.0,1.78,0.0,0.0,0.0,0.13,0.07,0.0,0.0,0.07,1.99,0.26,0.24,0.08,1.22,0.07,1.0,0.0,1.0,0.0,1.0,0.0,0.0,0.0,0.0,0.0,0.0,1.0,0.0,0.0,1.0,0.0,0.0,0.0,Truthful
213,214,0,21.3,0.88,1,-211.5,-194.3,980.0,0.11,0.66,0.109,0.35,0.0,1.21,0.0,0.0,0.0,0.02,0.17,0.08,0.0,0.32,1.83,0.25,0.21,0.21,1.35,0.07,1.0,0.0,1.0,0.0,1.0,0.0,0.0,0.0,0.0,0.0,0.0,1.0,0.0,0.0,1.0,0.0,0.0,0.0,Truthful
214,215,0,21.4,0.88,1,-213.5,-192.5,983.4,0.199,0.66,0.105,0.12,0.0,0.87,0.0,0.0,0.0,0.0,0.5,0.08,0.0,0.6,2.0,0.47,0.12,0.66,1.36,0.0,0.0,0.0,1.0,0.0,0.0,0.0,0.0,0.0,0.0,0.0,0.0,1.0,0.0,0.0,1.0,0.0,0.0,0.0,Truthful
215,216,0,21.5,0.88,1,-211.9,-188.6,970.8,0.24,0.659,0.087,0.07,0.0,0.83,0.0,0.0,0.0,0.0,0.75,0.08,0.0,0.77,2.19,0.86,0.1,0.92,1.63,0.0,0.0,0.0,1.0,0.0,0.0,0.0,0.0,0.0,0.0,0.0,0.0,1.0,0.0,0.0,1.0,0.0,0.0,0.0,Truthful
216,217,0,21.6,0.88,1,-210.5,-187.5,963.5,0.244,0.649,0.082,0.16,0.0,0.95,0.0,0.0,0.0,0.0,0.94,0.11,0.0,0.65,2.23,0.93,0.07,1.39,1.66,0.0,0.0,0.0,1.0,0.0,0.0,0.0,0.0,0.0,0.0,0.0,0.0,1.0,0.0,0.0,1.0,0.0,0.0,0.0,Truthful
217,218,0,21.7,0.88,1,-212.5,-191.5,968.5,0.197,0.629,0.118,0.3,0.0,1.05,0.0,0.0,0.0,0.0,0.75,0.15,0.0,0.54,2.2,0.72,0.1,1.35,1.42,0.0,0.0,0.0,1.0,0.0,0.0,0.0,0.0,0.0,0.0,0.0,0.0,1.0,0.0,0.0,1.0,0.0,0.0,0.0,Truthful
218,219,0,21.8,0.88,1,-216.7,-199.7,983.2,0.083,0.613,0.185,0.41,0.0,1.17,0.0,0.0,0.0,0.0,0.66,0.19,0.0,0.58,2.15,0.28,0.1,1.37,1.28,0.0,0.0,0.0,1.0,0.0,0.0,0.0,0.0,0.0,0.0,0.0,1.0,1.0,0.0,0.0,0.0,0.0,0.0,0.0,Truthful
219,220,0,21.9,0.88,1,-220.0,-204.6,993.6,0.058,0.604,0.229,0.39,0.03,1.35,0.0,0.0,0.0,0.0,0.58,0.12,0.0,0.39,1.99,0.07,0.1,1.07,1.27,0.0,1.0,0.0,1.0,0.0,0.0,0.0,0.0,0.0,0.0,0.0,0.0,1.0,0.0,0.0,0.0,0.0,0.0,0.0,Truthful
220,221,0,22.0,0.88,1,-221.5,-202.2,995.7,0.15,0.627,0.198,0.24,0.18,1.39,0.0,0.06,0.0,0.0,0.71,0.21,0.0,0.41,1.7,0.14,0.18,0.82,1.59,0.0,1.0,0.0,1.0,0.0,0.0,0.0,0.0,0.0,0.0,0.0,1.0,1.0,0.0,0.0,0.0,0.0,0.0,0.0,Truthful
221,222,0,22.1,0.88,1,-217.6,-194.1,979.3,0.255,0.665,0.136,0.06,0.47,1.25,0.0,0.06,0.0,0.0,0.81,0.21,0.0,0.46,1.61,0.27,0.2,0.61,1.85,0.0,1.0,0.0,1.0,0.0,0.0,0.0,0.0,0.0,0.0,0.0,1.0,1.0,0.0,0.0,0.0,0.0,0.0,0.0,Truthful
222,223,0,22.2,0.88,1,-212.4,-184.5,951.4,0.284,0.697,0.075,0.0,0.51,1.15,0.0,0.06,0.0,0.0,0.72,0.16,0.0,0.64,1.85,0.2,0.31,0.46,2.17,0.0,1.0,1.0,1.0,0.0,1.0,0.0,0.0,0.0,0.0,0.0,1.0,1.0,0.0,0.0,0.0,0.0,0.0,0.0,Truthful
223,224,0,22.3,0.88,1,-210.3,-182.3,933.8,0.244,0.721,0.062,0.0,0.37,1.11,0.0,0.0,0.0,0.0,0.53,0.03,0.0,0.52,2.1,0.13,0.26,0.5,2.22,0.0,1.0,1.0,1.0,0.0,1.0,0.0,0.0,0.0,0.0,0.0,1.0,1.0,0.0,0.0,0.0,0.0,0.0,0.0,Truthful
224,225,0,22.4,0.88,1,-209.8,-181.0,928.2,0.24,0.736,0.051,0.0,0.24,0.99,0.0,0.0,0.0,0.0,0.28,0.0,0.0,0.5,2.03,0.02,0.17,0.43,1.97,0.0,0.0,1.0,1.0,0.0,1.0,0.0,0.0,0.0,0.0,0.0,1.0,1.0,0.0,0.0,0.0,0.0,0.0,0.0,Truthful
225,226,0,22.5,0.88,1,-211.4,-176.1,927.1,0.333,0.75,0.002,0.0,0.21,0.86,0.0,0.0,0.0,0.0,0.08,0.0,0.0,0.59,2.0,0.02,0.15,0.31,2.04,0.0,0.0,1.0,1.0,0.0,0.0,0.0,0.0,0.0,0.0,0.0,1.0,1.0,0.0,0.0,0.0,0.0,0.0,0.0,Truthful
226,227,0,22.6,0.88,1,-216.9,-175.9,941.0,0.337,0.768,-0.004,0.0,0.21,0.69,0.0,0.0,0.0,0.0,0.15,0.0,0.0,0.89,1.86,0.02,0.14,0.35,2.35,0.0,0.0,1.0,1.0,0.0,0.0,0.0,0.0,0.0,0.0,0.0,1.0,1.0,0.0,0.0,0.0,0.0,0.0,0.0,Truthful
227,228,0,22.7,0.88,1,-219.3,-175.7,951.3,0.361,0.772,-0.015,0.0,0.04,0.88,0.0,0.0,0.0,0.0,0.2,0.0,0.0,0.97,1.77,0.0,0.16,0.35,2.77,0.0,0.0,0.0,1.0,0.0,0.0,0.0,0.0,0.0,0.0,0.0,1.0,1.0,0.0,0.0,0.0,0.0,0.0,0.0,Truthful
228,229,0,22.8,0.88,1,-219.3,-175.5,953.6,0.346,0.774,-0.015,0.13,0.0,1.34,0.0,0.0,0.0,0.0,0.2,0.0,0.0,0.72,1.6,0.0,0.45,0.76,3.29,0.0,0.0,0.0,1.0,0.0,0.0,0.0,0.0,0.0,0.0,0.0,1.0,1.0,0.0,0.0,0.0,0.0,0.0,0.0,Truthful
229,230,0,22.9,0.88,1,-215.7,-174.8,939.7,0.257,0.784,0.022,0.46,0.0,2.16,0.0,0.0,0.01,0.0,0.06,0.0,0.3,0.34,2.04,0.0,0.71,0.98,3.95,0.0,0.0,0.0,1.0,0.0,0.0,0.0,0.0,0.0,0.0,0.0,1.0,1.0,0.0,0.0,0.0,0.0,0.0,0.0,Truthful
230,231,0,23.0,0.88,1,-211.5,-178.2,929.4,0.113,0.738,0.086,0.87,0.0,2.84,0.0,0.0,0.09,0.0,0.01,0.0,0.62,0.03,2.59,0.0,0.97,1.47,4.7,0.12,0.0,0.0,1.0,0.0,1.0,0.0,0.0,0.0,0.0,0.0,1.0,1.0,0.0,0.0,0.0,1.0,0.0,0.0,Truthful
231,232,0,23.1,0.88,1,-210.1,-181.6,931.0,0.042,0.715,0.124,1.05,0.0,3.41,0.0,0.15,0.43,0.0,0.15,0.0,0.62,0.0,2.6,0.0,0.6,1.54,4.28,0.44,0.0,0.0,1.0,0.0,1.0,0.0,0.0,0.0,0.0,0.0,1.0,0.0,0.0,0.0,0.0,1.0,0.0,0.0,Truthful
232,233,0,23.2,0.88,1,-206.6,-184.9,930.3,-0.018,0.634,0.16,1.01,0.0,3.49,0.0,0.33,0.85,0.0,0.3,0.0,0.32,0.0,2.07,0.0,0.27,1.71,3.68,0.76,0.0,0.0,1.0,0.0,1.0,0.0,0.0,0.0,0.0,0.0,1.0,0.0,0.0,0.0,0.0,1.0,0.0,0.0,Truthful
233,234,0,23.3,0.88,1,-208.9,-189.5,944.4,-0.042,0.565,0.189,0.91,0.0,3.43,0.0,0.39,1.16,0.0,0.3,0.0,0.0,0.0,1.41,0.0,0.0,1.69,2.69,1.06,0.0,0.0,1.0,0.0,1.0,0.0,0.0,0.0,0.0,0.0,1.0,0.0,0.0,0.0,1.0,1.0,0.0,0.0,Truthful
234,235,0,23.4,0.88,1,-213.1,-194.3,966.3,-0.066,0.521,0.235,0.93,0.0,2.88,0.0,0.3,1.42,0.0,0.15,0.02,0.19,0.0,1.39,0.0,0.0,1.67,2.91,0.98,0.0,0.0,1.0,0.0,1.0,0.0,0.0,0.0,0.0,0.0,1.0,0.0,0.0,0.0,1.0,1.0,0.0,0.0,Truthful
235,236,0,23.5,0.88,1,-214.2,-193.0,981.1,0.024,0.56,0.244,1.0,0.0,2.49,0.0,0.29,1.43,0.0,0.22,0.07,0.28,0.0,1.06,0.0,0.0,1.68,2.69,0.65,1.0,0.0,1.0,0.0,1.0,0.0,0.0,0.0,0.0,0.0,1.0,0.0,0.0,0.0,1.0,1.0,0.0,0.0,Truthful
236,237,0,23.6,0.88,1,-206.7,-187.0,960.9,0.092,0.601,0.237,0.91,0.0,2.13,0.05,0.42,1.37,0.0,0.31,0.07,0.27,0.0,0.74,0.0,0.0,1.63,2.53,0.28,0.0,0.0,1.0,0.0,1.0,0.0,0.0,0.0,0.0,0.0,0.0,0.0,0.0,0.0,1.0,0.0,0.0,0.0,Truthful
237,238,0,23.7,0.88,1,-209.6,-193.2,984.0,0.054,0.559,0.274,0.74,0.0,1.96,0.05,0.47,1.08,0.0,0.48,0.11,0.09,0.0,0.4,0.0,0.0,1.78,1.86,0.2,0.0,0.0,1.0,0.0,1.0,0.0,0.0,0.0,0.0,0.0,0.0,0.0,0.0,0.0,0.0,0.0,0.0,0.0,Truthful
238,239,0,23.8,0.88,1,-207.4,-197.4,987.9,-0.026,0.524,0.351,0.59,0.0,1.88,0.05,0.3,0.92,0.03,0.39,0.1,0.0,0.0,0.53,0.0,0.01,1.3,1.41,0.29,0.0,0.0,1.0,0.0,1.0,0.0,0.0,0.0,0.0,0.0,0.0,0.0,0.0,0.0,0.0,0.0,0.0,0.0,Truthful
239,240,0,23.9,0.88,1,-206.8,-201.3,1003.4,-0.043,0.504,0.406,0.58,0.06,1.84,0.0,0.11,0.59,0.07,0.42,0.17,0.0,0.0,0.76,0.0,0.01,0.86,1.05,0.25,0.0,0.0,1.0,0.0,0.0,0.0,0.0,0.0,0.0,0.0,0.0,0.0,0.0,0.0,0.0,0.0,0.0,0.0,Truthful
240,241,0,24.0,0.88,1,-203.8,-196.8,997.6,-0.004,0.527,0.424,0.45,0.18,1.88,0.0,0.0,0.28,0.07,0.39,0.25,0.0,0.0,0.58,0.05,0.01,0.34,0.56,0.09,0.0,0.0,1.0,0.0,0.0,0.0,0.0,0.0,0.0,0.0,0.0,0.0,0.0,0.0,0.0,0.0,0.0,0.0,Truthful
241,242,0,24.1,0.88,1,-201.7,-190.6,993.0,0.082,0.542,0.391,0.24,0.18,1.76,0.0,0.01,0.08,0.04,0.3,0.3,0.0,0.23,0.79,0.07,0.0,0.27,0.23,0.0,0.0,0.0,1.0,0.0,0.0,0.0,0.0,0.0,0.0,0.0,0.0,0.0,0.0,0.0,0.0,0.0,0.0,0.0,Truthful
242,243,0,24.2,0.88,1,-195.7,-178.6,967.7,0.147,0.586,0.346,0.12,0.11,1.76,0.0,0.01,0.07,0.0,0.27,0.24,0.0,0.23,0.98,0.07,0.0,0.22,0.1,0.0,0.0,0.0,1.0,0.0,0.0,0.0,0.0,0.0,0.0,0.0,0.0,0.0,0.0,0.0,0.0,0.0,0.0,0.0,Truthful
243,244,0,24.3,0.88,1,-193.6,-173.8,957.6,0.182,0.584,0.319,0.13,0.0,1.59,0.0,0.01,0.07,0.0,0.2,0.15,0.0,0.32,1.4,0.02,0.0,0.12,0.11,0.0,0.0,0.0,1.0,0.0,0.0,0.0,0.0,0.0,0.0,0.0,0.0,0.0,0.0,0.0,0.0,0.0,0.0,0.0,Truthful
244,245,0,24.4,0.88,1,-192.1,-172.3,951.9,0.188,0.575,0.31,0.19,0.0,1.57,0.0,0.0,0.0,0.0,0.25,0.11,0.0,0.09,1.3,0.03,0.0,0.02,0.1,0.0,0.0,0.0,1.0,0.0,0.0,0.0,0.0,0.0,0.0,0.0,0.0,0.0,0.0,0.0,0.0,0.0,0.0,0.0,Truthful
245,246,0,24.5,0.88,1,-190.0,-170.1,942.4,0.192,0.581,0.306,0.11,0.0,1.44,0.0,0.05,0.0,0.0,0.15,0.24,0.0,0.12,1.1,0.37,0.0,0.39,0.29,0.0,0.0,0.0,1.0,0.0,0.0,0.0,0.0,0.0,0.0,0.0,0.0,0.0,0.0,0.0,0.0,0.0,0.0,0.0,Truthful
246,247,0,24.6,0.88,1,-189.4,-171.4,946.9,0.181,0.555,0.31,0.06,0.0,1.36,0.0,0.05,0.0,0.0,0.17,0.36,0.0,0.03,0.78,0.58,0.0,0.54,0.28,0.06,0.0,0.0,1.0,0.0,0.0,0.0,0.0,0.0,0.0,0.0,0.0,0.0,0.0,0.0,0.0,0.0,0.0,0.0,Truthful
247,248,0,24.7,0.88,1,-193.4,-176.2,967.8,0.161,0.53,0.317,0.0,0.0,1.23,0.0,0.06,0.0,0.0,0.39,0.47,0.0,0.03,0.37,0.67,0.0,0.54,0.22,0.14,0.0,0.0,1.0,0.0,0.0,0.0,0.0,0.0,0.0,0.0,0.0,0.0,0.0,0.0,0.0,0.0,0.0,1.0,Truthful
248,249,0,24.8,0.88,1,-191.1,-180.7,971.2,0.107,0.518,0.32,0.0,0.0,1.24,0.0,0.01,0.07,0.0,0.68,0.45,0.0,0.0,0.16,0.33,0.0,0.24,0.0,0.19,0.0,0.0,1.0,0.0,0.0,0.0,0.0,0.0,0.0,0.0,0.0,0.0,0.0,0.0,0.0,0.0,0.0,1.0,Truthful
249,250,0,24.9,0.88,1,-185.7,-180.3,963.1,0.095,0.537,0.316,0.0,0.0,1.51,0.0,0.01,0.07,0.0,0.85,0.29,0.0,0.1,0.05,0.12,0.0,0.26,0.0,0.31,0.0,0.0,1.0,0.0,0.0,0.0,0.0,0.0,0.0,0.0,0.0,0.0,0.0,0.0,0.0,0.0,0.0,1.0,Truthful
250,251,0,25.0,0.88,1,-182.0,-179.3,953.5,0.092,0.551,0.324,0.0,0.0,1.66,0.0,0.0,0.07,0.0,0.76,0.12,0.0,0.1,0.05,0.0,0.0,0.39,0.0,0.25,0.0,0.0,1.0,0.0,0.0,0.0,0.0,0.0,0.0,0.0,0.0,0.0,0.0,0.0,0.0,0.0,0.0,1.0,Truthful
251,252,0,25.1,0.88,1,-178.7,-180.9,951.4,0.073,0.548,0.34,0.0,0.0,1.64,0.0,0.0,0.0,0.0,0.69,0.01,0.0,0.1,0.0,0.0,0.0,0.45,0.0,0.21,0.0,0.0,1.0,0.0,0.0,0.0,0.0,0.0,0.0,0.0,0.0,0.0,0.0,0.0,0.0,0.0,0.0,1.0,Truthful
252,253,0,25.2,0.88,1,-178.1,-188.8,978.6,0.041,0.506,0.367,0.09,0.0,1.59,0.01,0.0,0.0,0.0,0.59,0.01,0.0,0.0,0.0,0.0,0.0,0.28,0.0,0.04,0.0,0.0,1.0,0.0,0.0,0.0,0.0,0.0,0.0,0.0,0.0,0.0,0.0,0.0,0.0,0.0,0.0,0.0,Truthful
253,254,0,25.3,0.88,1,-175.9,-193.9,998.4,0.017,0.487,0.385,0.16,0.0,1.64,0.01,0.0,0.01,0.0,0.69,0.03,0.0,0.0,0.0,0.0,0.0,0.22,0.0,0.12,0.0,0.0,1.0,0.0,0.0,0.0,0.0,0.0,0.0,0.0,0.0,0.0,0.0,0.0,0.0,0.0,0.0,0.0,Truthful
254,255,0,25.4,0.88,1,-171.1,-196.5,1003.1,-0.032,0.486,0.411,0.16,0.0,1.75,0.01,0.0,0.08,0.0,0.83,0.13,0.0,0.14,0.08,0.0,0.0,0.08,0.0,0.29,0.0,0.0,1.0,0.0,0.0,0.0,0.0,0.0,0.0,0.0,0.0,0.0,0.0,0.0,0.0,0.0,0.0,0.0,Truthful
255,256,0,25.5,0.88,1,-170.0,-199.9,1015.1,-0.045,0.499,0.431,0.26,0.0,1.99,0.03,0.0,0.3,0.0,0.84,0.15,0.0,0.27,0.58,0.0,0.0,0.09,0.41,0.33,0.0,0.0,1.0,0.0,0.0,0.0,0.0,0.0,0.0,0.0,0.0,0.0,0.0,0.0,0.0,0.0,0.0,0.0,Truthful
256,257,0,25.6,0.88,1,-159.8,-190.8,988.2,0.019,0.594,0.422,0.45,0.0,2.14,0.03,0.0,0.57,0.0,0.69,0.17,0.0,0.27,1.07,0.0,0.0,0.23,0.93,0.22,0.0,0.0,1.0,0.0,0.0,0.0,0.0,0.0,0.0,0.0,0.0,0.0,0.0,0.0,0.0,0.0,0.0,0.0,Truthful
257,258,0,25.7,0.88,1,-152.9,-180.1,956.8,0.086,0.649,0.388,0.8,0.29,1.95,0.15,0.0,0.51,0.0,0.33,0.07,0.0,0.13,1.26,0.0,0.0,0.26,1.22,0.09,0.0,0.0,1.0,0.0,0.0,0.0,0.0,0.0,0.0,0.0,0.0,0.0,0.0,0.0,0.0,0.0,0.0,0.0,Truthful
258,259,0,25.8,0.88,1,-156.0,-173.0,962.0,0.166,0.647,0.338,0.78,0.38,1.4,0.36,0.0,0.29,0.0,0.16,0.05,0.0,0.03,1.06,0.0,0.05,0.4,1.07,0.23,0.0,1.0,1.0,0.0,0.0,0.0,0.0,0.0,0.0,0.0,0.0,0.0,0.0,0.0,0.0,0.0,0.0,0.0,Truthful
259,260,0,25.9,0.88,1,-157.6,-169.1,970.3,0.217,0.664,0.319,0.52,0.4,0.91,0.51,0.07,0.0,0.0,0.0,0.0,0.0,0.03,1.14,0.0,0.25,0.52,1.0,0.38,0.0,1.0,1.0,0.0,0.0,0.0,0.0,0.0,0.0,0.0,0.0,0.0,0.0,0.0,0.0,0.0,0.0,0.0,Truthful
260,261,0,26.0,0.82,1,-156.0,-161.6,969.4,0.274,0.71,0.278,0.17,0.24,0.75,0.62,0.16,0.0,0.0,0.0,0.08,0.0,0.17,1.41,0.0,0.25,1.01,1.3,0.42,0.0,1.0,1.0,0.0,0.0,0.0,0.0,0.0,0.0,0.0,0.0,0.0,0.0,0.0,0.0,0.0,0.0,0.0,Truthful
261,262,0,26.1,0.88,1,-151.6,-154.8,947.4,0.292,0.752,0.26,0.03,0.3,0.75,0.62,0.21,0.0,0.0,0.0,0.08,0.0,0.21,1.45,0.0,0.2,1.27,1.68,0.35,0.0,1.0,1.0,0.0,0.0,0.0,0.0,0.0,0.0,0.0,0.0,0.0,0.0,0.0,0.0,0.0,0.0,0.0,Truthful
262,263,0,26.2,0.88,1,-151.5,-154.7,950.0,0.275,0.764,0.267,0.22,0.42,0.82,0.49,0.15,0.14,0.0,0.0,0.1,0.0,0.32,1.12,0.0,0.0,1.3,1.58,0.35,0.0,1.0,1.0,0.0,0.0,0.0,0.0,0.0,0.0,0.0,0.0,0.0,0.0,0.0,0.0,0.0,0.0,0.0,Truthful
263,264,0,26.3,0.88,1,-155.0,-157.9,966.3,0.245,0.766,0.299,0.42,0.55,0.99,0.26,0.09,0.14,0.0,0.0,0.02,0.01,0.21,0.9,0.0,0.0,1.17,1.3,0.37,0.0,1.0,1.0,0.0,0.0,0.0,0.0,0.0,0.0,0.0,0.0,0.0,0.0,0.0,1.0,0.0,0.0,0.0,Truthful
264,265,0,26.4,0.88,1,-154.9,-160.4,964.2,0.204,0.752,0.325,0.48,0.46,1.02,0.02,0.09,0.14,0.0,0.05,0.17,0.01,0.34,1.02,0.1,0.0,1.2,1.1,0.27,0.0,1.0,1.0,0.0,0.0,0.0,0.0,0.0,0.0,0.0,0.0,0.0,0.0,0.0,1.0,0.0,0.0,0.0,Truthful
265,266,0,26.5,0.88,1,-154.5,-164.4,962.9,0.182,0.735,0.337,0.35,0.32,1.15,0.0,0.08,0.05,0.0,0.41,0.31,0.01,0.3,1.3,0.1,0.0,1.17,1.41,0.12,0.0,1.0,1.0,0.0,0.0,0.0,0.0,0.0,0.0,0.0,0.0,0.0,0.0,0.0,1.0,0.0,0.0,0.0,Truthful
266,267,0,26.6,0.88,1,-152.5,-169.7,950.7,0.136,0.723,0.338,0.25,0.09,1.3,0.0,0.11,0.19,0.0,0.76,0.52,0.0,0.43,1.5,0.1,0.14,1.09,1.71,0.01,0.0,1.0,1.0,0.0,0.0,0.0,0.0,0.0,0.0,0.0,0.0,0.0,0.0,0.0,0.0,0.0,0.0,0.0,Truthful
267,268,0,26.7,0.88,1,-151.2,-173.0,938.1,0.094,0.711,0.334,0.15,0.03,1.42,0.0,0.07,0.31,0.0,0.99,0.59,0.0,0.27,1.77,0.0,0.39,0.73,1.67,0.0,0.0,1.0,1.0,0.0,1.0,0.0,0.0,0.0,0.0,0.0,0.0,0.0,0.0,0.0,1.0,0.0,0.0,0.0,Truthful
268,269,0,26.8,0.88,1,-153.7,-179.1,943.6,0.064,0.676,0.326,0.16,0.03,1.34,0.0,0.15,0.25,0.0,1.01,0.73,0.0,0.41,1.98,0.0,0.6,0.57,1.4,0.0,0.0,0.0,1.0,0.0,1.0,0.0,0.0,0.0,0.0,0.0,1.0,1.0,0.0,0.0,1.0,0.0,0.0,0.0,Truthful
269,270,0,26.9,0.88,1,-157.2,-180.9,949.2,0.108,0.679,0.291,0.06,0.0,1.15,0.0,0.19,0.12,0.0,0.84,0.58,0.0,0.23,2.14,0.23,0.76,0.64,1.41,0.0,0.0,0.0,1.0,0.0,1.0,0.0,0.0,0.0,0.0,0.0,1.0,1.0,0.0,0.0,1.0,0.0,0.0,0.0,Truthful
270,271,0,27.0,0.88,1,-155.7,-175.1,921.9,0.143,0.728,0.233,0.06,0.0,1.09,0.0,0.19,0.0,0.04,0.8,0.36,0.0,0.58,2.07,0.37,0.68,0.91,1.58,0.0,0.0,0.0,1.0,0.0,1.0,0.0,0.0,0.0,0.0,0.0,1.0,1.0,0.0,0.0,0.0,0.0,0.0,0.0,Truthful
271,272,0,27.1,0.88,1,-154.7,-174.4,894.3,0.085,0.773,0.225,0.0,0.0,1.18,0.0,0.1,0.0,0.04,0.53,0.05,0.0,0.38,1.85,0.37,0.65,0.88,1.79,0.0,0.0,0.0,1.0,0.0,0.0,0.0,0.0,0.0,0.0,0.0,1.0,1.0,0.0,0.0,0.0,0.0,0.0,0.0,Truthful
272,273,0,27.2,0.88,1,-159.6,-179.8,899.3,0.054,0.806,0.229,0.0,0.0,0.85,0.0,0.0,0.0,0.04,0.36,0.0,0.0,0.46,1.98,0.15,0.57,0.87,1.6,0.0,0.0,0.0,1.0,0.0,0.0,0.0,0.0,0.0,0.0,0.0,1.0,1.0,0.0,0.0,0.0,0.0,0.0,0.0,Truthful
273,274,0,27.3,0.98,1,-157.4,-170.0,849.0,0.197,0.859,0.219,0.0,0.0,0.49,0.25,0.17,0.0,0.03,0.38,0.12,0.0,0.22,2.34,0.0,0.46,0.51,1.47,0.0,0.0,0.0,1.0,0.0,0.0,0.0,0.0,0.0,0.0,0.0,1.0,1.0,0.0,0.0,0.0,0.0,0.0,0.0,Truthful
274,275,0,27.4,0.98,1,-153.9,-158.9,799.4,0.406,0.883,0.18,0.0,0.0,0.0,0.64,0.26,0.0,0.25,0.6,0.19,0.0,0.22,2.79,0.08,0.27,0.41,1.22,0.0,0.0,0.0,0.0,0.0,0.0,0.0,0.0,0.0,0.0,0.0,1.0,1.0,0.0,0.0,0.0,0.0,0.0,0.0,Truthful
275,276,0,27.5,0.98,1,-157.8,-154.3,792.3,0.521,0.865,0.144,0.0,0.0,0.0,1.05,0.37,0.0,0.39,0.94,0.32,0.0,0.14,2.84,0.17,0.06,0.04,1.25,0.0,0.0,0.0,0.0,0.0,0.0,0.0,0.0,0.0,0.0,0.0,0.0,0.0,0.0,0.0,0.0,0.0,0.0,0.0,Truthful
276,277,0,27.6,0.98,1,-164.4,-156.5,811.4,0.528,0.871,0.127,0.0,0.0,0.0,1.12,0.42,0.06,0.4,0.88,0.38,0.0,0.0,2.34,0.37,0.0,0.1,1.31,0.0,0.0,1.0,0.0,0.0,0.0,0.0,0.0,0.0,0.0,0.0,0.0,0.0,0.0,0.0,1.0,0.0,0.0,0.0,Truthful
277,278,0,27.7,0.98,1,-171.1,-163.2,838.0,0.48,0.888,0.124,0.0,0.0,0.0,1.1,0.55,0.27,0.18,0.8,0.64,0.0,0.05,1.83,0.37,0.0,0.23,1.32,0.0,0.0,1.0,0.0,0.0,0.0,0.0,0.0,0.0,0.0,0.0,0.0,0.0,0.0,0.0,1.0,0.0,0.0,0.0,Truthful
278,279,0,27.8,0.98,1,-173.6,-165.5,847.1,0.423,0.887,0.132,0.0,0.0,0.0,0.81,0.62,0.27,0.03,0.69,0.71,0.0,0.32,1.29,0.28,0.0,0.31,1.21,0.0,0.0,1.0,0.0,0.0,1.0,0.0,0.0,0.0,0.0,0.0,0.0,0.0,0.0,0.0,1.0,0.0,0.0,0.0,Truthful
279,280,0,27.9,0.98,1,-170.5,-163.9,841.7,0.362,0.945,0.136,0.0,0.02,0.1,0.52,0.59,0.32,0.0,0.72,0.69,0.0,0.58,1.38,0.07,0.0,0.47,1.24,0.0,0.0,1.0,0.0,0.0,1.0,0.0,0.0,0.0,0.0,0.0,0.0,0.0,0.0,0.0,1.0,0.0,0.0,0.0,Truthful
280,281,0,28.0,0.98,1,-179.2,-171.7,871.3,0.303,0.865,0.174,0.0,0.05,0.34,0.17,0.5,0.12,0.0,0.67,0.48,0.0,0.69,1.5,0.0,0.0,0.54,1.39,0.0,0.0,1.0,0.0,0.0,1.0,0.0,0.0,0.0,0.0,0.0,0.0,0.0,0.0,0.0,0.0,0.0,0.0,0.0,Truthful
281,282,0,28.1,0.98,1,-179.6,-175.4,869.9,0.23,0.85,0.236,0.0,0.05,0.67,0.04,0.54,0.12,0.0,0.53,0.39,0.0,0.54,1.63,0.0,0.0,0.82,1.64,0.11,0.0,1.0,1.0,0.0,1.0,0.0,0.0,0.0,0.0,0.0,0.0,0.0,0.0,0.0,0.0,0.0,0.0,0.0,Truthful
282,283,0,28.2,0.98,1,-181.2,-176.2,867.5,0.228,0.838,0.273,0.0,0.03,0.57,0.22,0.58,0.2,0.0,0.37,0.4,0.0,0.41,1.52,0.0,0.0,0.91,1.61,0.11,0.0,1.0,1.0,0.0,1.0,0.0,0.0,0.0,0.0,0.0,0.0,0.0,0.0,0.0,0.0,0.0,0.0,0.0,Truthful
283,284,0,28.3,0.98,1,-176.7,-167.0,833.1,0.38,0.845,0.261,0.13,0.06,0.72,0.22,0.45,0.2,0.0,0.26,0.28,0.0,0.4,1.16,0.0,0.0,0.89,1.11,0.11,0.0,1.0,1.0,0.0,1.0,0.0,0.0,0.0,0.0,0.0,0.0,0.0,0.0,0.0,0.0,0.0,0.0,0.0,Truthful
284,285,0,28.4,0.88,1,-205.7,-165.2,942.3,0.313,0.543,0.01,0.13,0.13,0.62,0.56,0.36,0.2,0.01,0.24,0.25,0.0,0.34,0.96,0.0,0.0,1.01,0.95,0.0,0.0,1.0,1.0,0.0,0.0,0.0,0.0,0.0,0.0,0.0,0.0,0.0,0.0,0.0,1.0,0.0,0.0,0.0,Truthful
285,286,0,28.5,0.88,1,-206.2,-156.5,931.9,0.46,0.624,-0.05,0.13,0.13,0.81,0.89,0.22,0.0,0.01,0.2,0.17,0.0,0.21,0.88,0.0,0.0,1.14,1.05,0.0,0.0,1.0,1.0,0.0,0.0,0.0,0.0,0.0,0.0,0.0,0.0,0.0,0.0,0.0,1.0,0.0,0.0,0.0,Truthful
286,287,0,28.6,0.88,1,-209.2,-154.2,944.6,0.542,0.649,-0.123,0.0,0.07,0.57,1.33,0.4,0.0,0.01,0.33,0.36,0.0,0.26,1.15,0.0,0.0,1.62,1.62,0.0,0.0,1.0,1.0,0.0,0.0,0.0,0.0,0.0,0.0,0.0,0.0,0.0,0.0,0.0,1.0,0.0,0.0,0.0,Truthful
287,288,0,28.7,0.88,1,-205.4,-149.4,940.2,0.583,0.642,-0.163,0.0,0.0,0.44,1.38,0.42,0.0,0.0,0.31,0.42,0.0,0.29,1.25,0.0,0.0,1.78,1.83,0.0,0.0,1.0,1.0,1.0,0.0,0.0,0.0,0.0,0.0,0.0,1.0,0.0,1.0,0.0,1.0,0.0,0.0,0.0,Truthful
288,289,0,28.8,0.88,1,-205.4,-148.5,945.3,0.579,0.644,-0.185,0.0,0.0,0.48,1.27,0.43,0.0,0.0,0.29,0.32,0.0,0.29,1.2,0.0,0.0,1.86,2.18,0.0,0.0,1.0,0.0,0.0,0.0,0.0,0.0,0.0,0.0,0.0,0.0,0.0,1.0,0.0,1.0,0.0,0.0,0.0,Truthful
289,290,0,28.9,0.88,1,-208.2,-150.3,961.3,0.553,0.639,-0.186,0.0,0.0,0.68,1.33,0.28,0.0,0.0,0.0,0.0,0.0,0.0,1.1,0.0,0.0,1.52,2.87,0.0,0.0,1.0,1.0,0.0,0.0,0.0,0.0,0.0,0.0,0.0,0.0,0.0,0.0,0.0,0.0,0.0,0.0,0.0,Truthful
